repo_full_name,week_unix,total_commits,week_start_iso
Stirling-Tools/Stirling-PDF,1730592000,27,2024-11-03
Stirling-Tools/Stirling-PDF,1731196800,42,2024-11-10
Stirling-Tools/Stirling-PDF,1731801600,49,2024-11-17
Stirling-Tools/Stirling-PDF,1732406400,35,2024-11-24
Stirling-Tools/Stirling-PDF,1733011200,33,2024-12-01
Stirling-Tools/Stirling-PDF,1733616000,62,2024-12-08
Stirling-Tools/Stirling-PDF,1734220800,74,2024-12-15
Stirling-Tools/Stirling-PDF,1734825600,29,2024-12-22
Stirling-Tools/Stirling-PDF,1735430400,37,2024-12-29
Stirling-Tools/Stirling-PDF,1736035200,41,2025-01-05
Stirling-Tools/Stirling-PDF,1736640000,65,2025-01-12
Stirling-Tools/Stirling-PDF,1737244800,23,2025-01-19
Stirling-Tools/Stirling-PDF,1737849600,34,2025-01-26
Stirling-Tools/Stirling-PDF,1738454400,34,2025-02-02
Stirling-Tools/Stirling-PDF,1739059200,17,2025-02-09
Stirling-Tools/Stirling-PDF,1739664000,35,2025-02-16
Stirling-Tools/Stirling-PDF,1740268800,51,2025-02-23
Stirling-Tools/Stirling-PDF,1740873600,17,2025-03-02
Stirling-Tools/Stirling-PDF,1741478400,31,2025-03-09
Stirling-Tools/Stirling-PDF,1742083200,16,2025-03-16
Stirling-Tools/Stirling-PDF,1742688000,27,2025-03-23
Stirling-Tools/Stirling-PDF,1743292800,23,2025-03-30
Stirling-Tools/Stirling-PDF,1743897600,34,2025-04-06
Stirling-Tools/Stirling-PDF,1744502400,27,2025-04-13
Stirling-Tools/Stirling-PDF,1745107200,24,2025-04-20
Stirling-Tools/Stirling-PDF,1745712000,24,2025-04-27
Stirling-Tools/Stirling-PDF,1746316800,24,2025-05-04
Stirling-Tools/Stirling-PDF,1746921600,11,2025-05-11
Stirling-Tools/Stirling-PDF,1747526400,29,2025-05-18
Stirling-Tools/Stirling-PDF,1748131200,30,2025-05-25
Stirling-Tools/Stirling-PDF,1748736000,30,2025-06-01
Stirling-Tools/Stirling-PDF,1749340800,23,2025-06-08
Stirling-Tools/Stirling-PDF,1749945600,51,2025-06-15
Stirling-Tools/Stirling-PDF,1750550400,21,2025-06-22
Stirling-Tools/Stirling-PDF,1751155200,32,2025-06-29
Stirling-Tools/Stirling-PDF,1751760000,22,2025-07-06
Stirling-Tools/Stirling-PDF,1752364800,31,2025-07-13
Stirling-Tools/Stirling-PDF,1752969600,20,2025-07-20
Stirling-Tools/Stirling-PDF,1753574400,23,2025-07-27
Stirling-Tools/Stirling-PDF,1754179200,33,2025-08-03
Stirling-Tools/Stirling-PDF,1754784000,13,2025-08-10
Stirling-Tools/Stirling-PDF,1755388800,8,2025-08-17
Stirling-Tools/Stirling-PDF,1755993600,22,2025-08-24
Stirling-Tools/Stirling-PDF,1756598400,40,2025-08-31
Stirling-Tools/Stirling-PDF,1757203200,0,2025-09-07
Stirling-Tools/Stirling-PDF,1757808000,4,2025-09-14
Stirling-Tools/Stirling-PDF,1758412800,2,2025-09-21
Stirling-Tools/Stirling-PDF,1759017600,53,2025-09-28
Stirling-Tools/Stirling-PDF,1759622400,16,2025-10-05
Stirling-Tools/Stirling-PDF,1760227200,22,2025-10-12
Stirling-Tools/Stirling-PDF,1760832000,6,2025-10-19
Stirling-Tools/Stirling-PDF,1761436800,2,2025-10-26
