repo_full_name,id,number,state,title,user_login,created_at,updated_at,closed_at,merged_at,additions,deletions,changed_files
NationalSecurityAgency/ghidra,2931324249,8581,closed,Fix typos in the contributor's guide and readme,burninrubber0,2025-10-20T22:05:17Z,2025-10-29T14:28:48Z,2025-10-27T14:11:33Z,2025-10-27T14:11:33Z,,,
NationalSecurityAgency/ghidra,2947175545,8591,closed,refactor(pyghidra_launcher): Use importlib.metadata for get_package_version,jhq223,2025-10-25T10:25:24Z,2025-10-29T12:40:11Z,2025-10-29T12:40:11Z,2025-10-29T12:40:11Z,,,
NationalSecurityAgency/ghidra,2926101169,8575,closed,Correct winsock.h headers in CreateExampleGDTArchiveScript.java,xiaoyinl,2025-10-18T03:07:58Z,2025-10-29T11:02:57Z,2025-10-29T11:02:57Z,2025-10-29T11:02:57Z,,,
NationalSecurityAgency/ghidra,2942397414,8588,closed,Fix spelling and grammar mistakes in the manual index documentation,cyrozap,2025-10-23T22:42:58Z,2025-10-27T14:05:58Z,2025-10-27T14:05:58Z,2025-10-27T14:05:57Z,,,
NationalSecurityAgency/ghidra,2608992837,8277,closed,Fix Infinite Loops in `PtrSubUndo` Rule ,pr0me,2025-06-21T12:21:26Z,2025-10-20T07:53:41Z,2025-10-20T07:53:41Z,,,,
NationalSecurityAgency/ghidra,872338314,4055,closed,Add MC6800 processor specs.,sigurasg,2022-03-05T21:35:24Z,2025-10-12T16:33:27Z,2025-10-12T16:33:27Z,,,,
NationalSecurityAgency/ghidra,2635315446,8317,closed,"Fixed OF setting upon shr Reg, 1",ghost,2025-07-02T12:32:55Z,2025-10-12T01:30:10Z,2025-10-12T01:30:10Z,,,,
NationalSecurityAgency/ghidra,2432492306,7972,closed,Add eBPF instruction CALLX for indirect calls,niooss-ledger,2025-04-01T19:59:25Z,2025-10-03T15:17:03Z,2025-10-03T09:05:24Z,2025-10-03T09:05:26Z,,,
NationalSecurityAgency/ghidra,1158798000,4812,closed,Introduce operand offset (C++ and Java),kkaempf,2022-12-11T08:43:31Z,2025-10-03T15:08:45Z,2025-10-03T15:08:44Z,,,,
NationalSecurityAgency/ghidra,2714565696,8406,closed,MIPS: Add mips16e2 instructions,CUB3D,2025-08-02T00:45:05Z,2025-10-03T09:05:26Z,2025-10-03T09:05:25Z,2025-10-03T09:05:26Z,,,
NationalSecurityAgency/ghidra,492968816,2305,closed,Support preview versions of Visual Studio again,Morilli,2020-09-25T10:03:39Z,2025-09-25T13:58:38Z,2021-05-24T11:42:34Z,,,,
NationalSecurityAgency/ghidra,2733505127,8423,closed,fix(doc): Program names in README,inferenceus,2025-08-10T12:34:01Z,2025-09-21T19:28:54Z,2025-08-13T10:10:44Z,2025-08-13T10:10:44Z,,,
NationalSecurityAgency/ghidra,659836554,3094,closed,Fix access violation on unicode string management,citronneur,2021-06-02T08:01:34Z,2025-09-17T13:41:42Z,2025-09-17T13:41:42Z,,,,
NationalSecurityAgency/ghidra,1493776123,5718,closed,Update avr32a_instruction_flow.sinc,srichmo1,2023-08-29T13:27:05Z,2025-09-17T13:41:20Z,2025-09-17T13:41:20Z,,,,
NationalSecurityAgency/ghidra,2169809273,7170,closed,Processors: Rename TriCore Siemens to Infineon,gemesa,2024-11-08T14:43:29Z,2025-09-17T13:41:19Z,2025-09-17T13:41:19Z,,,,
NationalSecurityAgency/ghidra,836642647,3953,closed,Decompiler: propagate boolean to IF and ELSE blocks,bogdiuk,2022-01-31T22:41:49Z,2025-09-16T18:00:15Z,2025-09-16T16:39:22Z,,,,
NationalSecurityAgency/ghidra,841088496,3967,closed,Fix UBSAN errors in decompiler,tetsuo-cpp,2022-02-06T15:07:03Z,2025-09-16T15:15:50Z,2025-09-16T15:15:50Z,,,,
NationalSecurityAgency/ghidra,2788519455,8483,closed,BSim: fix malformed arguments to ./configure on macOS,rjooske,2025-09-01T05:14:42Z,2025-09-15T09:14:56Z,2025-09-15T09:14:55Z,2025-09-15T09:14:55Z,,,
NationalSecurityAgency/ghidra,700939321,3300,closed,Corrected the first pair type inserted into recs,astrelsky,2021-08-01T16:14:17Z,2025-09-15T07:51:59Z,2025-09-14T21:27:35Z,,,,
NationalSecurityAgency/ghidra,2747322776,8440,closed,Fix off-by-one in ElfHeader.getSectionLoadHeaderContaining,LucaPalumbo,2025-08-14T20:39:35Z,2025-09-11T12:58:34Z,2025-09-11T12:58:34Z,,,,
NationalSecurityAgency/ghidra,2155971909,7130,closed,File chooser parent hotkey,hippietrail,2024-10-31T10:29:45Z,2025-09-11T12:58:32Z,2025-09-11T12:58:32Z,,,,
NationalSecurityAgency/ghidra,2793393422,8488,closed,Fix `java.awt.headless=true` inconsistently not being set in some bash scripts,rjooske,2025-09-02T17:04:30Z,2025-09-03T14:27:46Z,2025-09-03T14:26:20Z,2025-09-03T14:26:20Z,,,
NationalSecurityAgency/ghidra,2259234417,7346,closed,Concise creation of simple DynamicTableColumns,fmagin,2025-01-03T13:08:40Z,2025-09-03T14:26:20Z,2025-09-03T14:26:19Z,,,,
NationalSecurityAgency/ghidra,2708435967,8400,closed,"Don't rewrite SBORROW(0, x) => 0",andrewsoutar,2025-07-30T21:35:50Z,2025-08-27T13:14:18Z,2025-08-27T13:14:17Z,,,,
NationalSecurityAgency/ghidra,2466903017,8024,closed,Fixes VxWorksSymTab_Finder.java edge case,bdemick,2025-04-17T20:40:30Z,2025-08-22T18:15:45Z,2025-04-21T10:22:05Z,2025-04-21T10:22:05Z,,,
NationalSecurityAgency/ghidra,2763155327,8457,closed,Fix: TaintAnalysis query use chosen file if none set in tool options,technologeli,2025-08-21T14:12:51Z,2025-08-22T17:37:45Z,2025-08-22T17:37:44Z,2025-08-22T17:37:44Z,,,
NationalSecurityAgency/ghidra,2704247544,8394,closed,"Fix ANL Areg,Data for 80251 in source mode",RibShark,2025-07-29T14:00:44Z,2025-08-22T17:37:44Z,2025-08-22T17:37:44Z,2025-08-22T17:37:44Z,,,
NationalSecurityAgency/ghidra,2704243956,8393,closed,"Fix 80251 ""ANL Rm,#data"" showing as ""ADD""",RibShark,2025-07-29T13:59:51Z,2025-08-22T17:37:44Z,2025-08-22T17:37:44Z,2025-08-22T17:37:44Z,,,
NationalSecurityAgency/ghidra,2758354754,8450,closed,Fixed ida plugin working in IDA 9.x,ZERO-A-ONE,2025-08-20T04:11:41Z,2025-08-21T10:10:08Z,2025-08-21T10:09:44Z,2025-08-21T10:09:45Z,,,
NationalSecurityAgency/ghidra,2756869420,8448,closed,Fixed idaxml working in IDA 9.x,ZERO-A-ONE,2025-08-19T15:33:24Z,2025-08-20T03:43:36Z,2025-08-20T03:43:36Z,,,,
NationalSecurityAgency/ghidra,2338030513,7512,closed,Fixed bug in decompiler when trying to rename a label to empty,sethcg,2025-02-16T03:52:01Z,2025-08-18T09:42:01Z,2025-08-15T19:25:22Z,,,,
NationalSecurityAgency/ghidra,2718692407,8408,closed,[BitmapResource] Fix channel swaped and black icons,widberg,2025-08-04T17:20:44Z,2025-08-07T12:44:19Z,2025-08-07T12:44:19Z,2025-08-07T12:44:19Z,,,
NationalSecurityAgency/ghidra,2690127018,8373,closed,Fix #8362: Set correct WM_CLASS for PyGhidra (ghidra-Ghidra window name),killerdevildog,2025-07-23T21:41:08Z,2025-08-07T10:02:42Z,2025-08-07T05:45:07Z,,,,
NationalSecurityAgency/ghidra,2690087870,8372,closed,Fix #7916: Optimize AddressRangeObjectMap for analysis performance,killerdevildog,2025-07-23T21:18:28Z,2025-08-07T08:42:13Z,2025-08-07T05:44:53Z,,,,
NationalSecurityAgency/ghidra,1896544856,6608,closed,AArch32: vld1 had incorrect post indexed increment,Sleigh-InSPECtor,2024-05-30T17:57:31Z,2025-08-04T13:44:12Z,2025-08-04T13:44:12Z,,,,
NationalSecurityAgency/ghidra,2712254109,8404,closed,BSim: Remove extra characters in CommandLineReference.html,gemesa,2025-08-01T07:07:37Z,2025-08-02T07:13:07Z,2025-08-01T16:57:18Z,2025-08-01T16:57:18Z,,,
NationalSecurityAgency/ghidra,2439598028,7982,closed,Add eBPF ISA v4 instructions,niooss-ledger,2025-04-04T13:49:29Z,2025-07-30T14:19:20Z,2025-07-29T13:32:40Z,,,,
NationalSecurityAgency/ghidra,2402152988,7929,closed,Fix eBPF CALL operand decoding,niooss-ledger,2025-03-18T21:29:24Z,2025-07-30T14:16:12Z,2025-07-29T13:32:36Z,2025-07-29T13:32:36Z,,,
NationalSecurityAgency/ghidra,2440321703,7985,closed,Fix the semantics of eBPF byte swap instructions,niooss-ledger,2025-04-04T20:02:50Z,2025-07-30T14:14:12Z,2025-07-29T13:32:36Z,2025-07-29T13:32:36Z,,,
NationalSecurityAgency/ghidra,2437322729,7979,closed,Fix eBPF zero-extend load instructions,niooss-ledger,2025-04-03T14:54:44Z,2025-07-30T14:12:41Z,2025-07-29T13:32:36Z,2025-07-29T13:32:36Z,,,
NationalSecurityAgency/ghidra,2705790371,8397,closed,11.4,garyttierney,2025-07-30T03:15:18Z,2025-07-30T03:15:59Z,2025-07-30T03:15:39Z,,,,
NationalSecurityAgency/ghidra,2694025218,8375,closed,Use L as a default shortcut for renaming symbols in symbol tree,neuromancer,2025-07-25T06:40:02Z,2025-07-29T18:16:08Z,2025-07-29T13:32:36Z,,,,
NationalSecurityAgency/ghidra,2128970562,7065,closed,68HC05: Fix #7064 - incorrect handling of X-indexed JMP and JSR,philpem,2024-10-16T23:11:28Z,2025-07-29T13:32:37Z,2025-07-29T13:32:36Z,2025-07-29T13:32:36Z,,,
NationalSecurityAgency/ghidra,2539690707,8192,closed,SuperH4: fix FSCA opcode destination location and FPU registers ABI order,p1pkin,2025-05-23T12:11:41Z,2025-07-29T13:32:36Z,2025-07-29T13:32:36Z,2025-07-29T13:32:36Z,,,
NationalSecurityAgency/ghidra,2605554027,8275,closed,Fix NullPointerException in checkForDevelopmentMode,negasora,2025-06-19T19:14:04Z,2025-07-25T21:19:15Z,2025-06-23T10:04:41Z,,,,
NationalSecurityAgency/ghidra,1182658222,4864,closed,Fixed renaming global through offcut reference,astrelsky,2023-01-02T14:18:32Z,2025-07-25T13:27:30Z,2025-07-25T13:27:30Z,,,,
NationalSecurityAgency/ghidra,2629437164,8309,closed,Less debugging for more speed,plucia-mitre,2025-06-30T16:06:53Z,2025-07-07T10:48:04Z,2025-07-07T10:48:04Z,,,,
NationalSecurityAgency/ghidra,2532168332,8176,closed,BSim: Add getmetadata subcommand to bsim,gemesa,2025-05-20T17:16:30Z,2025-07-03T11:25:52Z,2025-07-03T10:00:55Z,,,,
NationalSecurityAgency/ghidra,2630335967,8311,closed,Zero extend XCHG on Reg32,ghost,2025-06-30T22:44:15Z,2025-07-02T00:11:46Z,2025-07-02T00:11:46Z,,,,
NationalSecurityAgency/ghidra,1818368564,6410,closed,PCode: fix bug in pcode's SequenceNumber.java,noobone123,2024-04-11T16:47:06Z,2025-06-28T08:47:38Z,2025-06-28T08:47:38Z,,,,
NationalSecurityAgency/ghidra,1228935398,4957,closed,Fix Frida debugger agent executableJar build,cyberkaida,2023-02-04T03:34:15Z,2025-06-28T06:27:01Z,2023-04-22T01:52:52Z,,,,
NationalSecurityAgency/ghidra,2605493106,8274,closed,Fix gradle wrapper name in README.md,sepalani,2025-06-19T18:32:24Z,2025-06-23T14:20:02Z,2025-06-23T09:58:25Z,2025-06-23T09:58:25Z,,,
NationalSecurityAgency/ghidra,2599346597,8265,closed,Fix PE Import Table Parsing EOF Error in Truncated/Packed Files,chf0x,2025-06-17T16:27:13Z,2025-06-23T10:10:53Z,2025-06-23T10:10:39Z,,,,
NationalSecurityAgency/ghidra,2601041762,8268,closed,GP-5762 increased AutoVT duplicate inst match correlator min function,GooseWithAKnife,2025-06-18T09:04:44Z,2025-06-18T09:04:52Z,2025-06-18T09:04:52Z,,,,
NationalSecurityAgency/ghidra,1325158376,5256,closed,instruction decoding for armv8 stack pointer limit registers,befoulad,2023-04-24T10:28:20Z,2025-06-17T17:57:44Z,2025-05-09T14:11:28Z,,,,
NationalSecurityAgency/ghidra,1935722917,6667,closed,add support for Arm stack limit register instructions,PennRobotics,2024-06-24T14:43:18Z,2025-06-17T17:57:29Z,2025-01-16T12:00:54Z,,,,
NationalSecurityAgency/ghidra,2584099923,8251,closed,Decompiler: Add .xml entension when user did not specify for DebugDec…,xndcn,2025-06-11T12:32:44Z,2025-06-17T10:16:06Z,2025-06-17T10:16:05Z,2025-06-17T10:16:05Z,,,
NationalSecurityAgency/ghidra,2505789729,8123,closed,BSim: Add C17 standard flag to make-postgres.sh,gemesa,2025-05-08T01:04:32Z,2025-06-13T11:07:28Z,2025-06-13T10:50:14Z,,,,
NationalSecurityAgency/ghidra,2555954293,8215,closed,Fix RISC-V minu and max instructions' definitions,vporok01,2025-05-31T00:57:32Z,2025-06-12T05:47:17Z,2025-06-11T16:08:28Z,,,,
NationalSecurityAgency/ghidra,2574394153,8240,closed,VxWorksSymTabFinder.java Improvements,bdemick,2025-06-06T20:20:56Z,2025-06-11T14:00:25Z,2025-06-11T14:00:24Z,2025-06-11T14:00:24Z,,,
NationalSecurityAgency/ghidra,2576808819,8246,closed,prevent stack overflow when creating default labels for pointers,astrelsky,2025-06-08T16:19:45Z,2025-06-09T18:34:24Z,2025-06-09T17:54:15Z,,,,
NationalSecurityAgency/ghidra,2572672632,8238,closed,Fixing analysis fail with function entryPoint may not be created on defined data,chf0x,2025-06-06T07:11:33Z,2025-06-06T19:14:26Z,2025-06-06T18:31:26Z,,,,
NationalSecurityAgency/ghidra,2564510817,8227,closed,Debugger/UI: Handle an unhandled exception when not setting the image path the first time,FrankvdStam,2025-06-03T16:05:39Z,2025-06-05T13:36:27Z,2025-06-05T13:36:27Z,,,,
NationalSecurityAgency/ghidra,979951665,4378,closed,eBPF processor support,Nalen98,2022-06-27T11:42:57Z,2025-06-03T12:26:46Z,2023-05-02T11:22:48Z,2023-05-02T11:22:48Z,,,
NationalSecurityAgency/ghidra,2555250374,8213,closed,Fix magic bytes to resolve Golang (v1.20+) functions.,imladenov51,2025-05-30T17:18:48Z,2025-06-02T10:28:31Z,2025-06-02T10:28:15Z,,,,
NationalSecurityAgency/ghidra,2541054022,8193,closed,"Fixing typo in RenameStructureFieldTask ""created by"" comment",sollyucko,2025-05-23T22:56:10Z,2025-05-28T12:17:57Z,2025-05-28T12:17:57Z,2025-05-28T12:17:57Z,,,
NationalSecurityAgency/ghidra,2525419089,8162,closed,Modernize system executable detection across components,emmanuel-ferdman,2025-05-16T22:40:54Z,2025-05-23T10:14:29Z,2025-05-22T18:28:25Z,,,,
NationalSecurityAgency/ghidra,2530096603,8172,closed,Fix getDestinationFunctions,travislibre,2025-05-20T01:41:39Z,2025-05-21T15:48:02Z,2025-05-21T15:47:52Z,,,,
NationalSecurityAgency/ghidra,2518847625,8151,closed,x86: Fix missing zero-extension in CVTTSD2SI,jmillikin,2025-05-14T10:11:49Z,2025-05-15T17:43:43Z,2025-05-15T17:43:43Z,2025-05-15T17:43:42Z,,,
NationalSecurityAgency/ghidra,2420188639,7953,closed,"Decompiler: Enable optimization for C++ source files",ADonut,2025-03-26T18:16:06Z,2025-05-09T14:11:31Z,2025-05-09T14:11:30Z,,,,
NationalSecurityAgency/ghidra,1895443244,6602,closed,x86: PUSH FS/GS long mode improvements.,Sleigh-InSPECtor,2024-05-30T08:19:38Z,2025-05-09T14:11:30Z,2025-05-09T14:11:30Z,,,,
NationalSecurityAgency/ghidra,2504022915,8117,closed,Fixing LLDB argument passing bug (#8115) in debug launcher,YuriNek0,2025-05-07T10:48:55Z,2025-05-07T15:09:33Z,2025-05-07T15:09:33Z,2025-05-07T15:09:33Z,,,
NationalSecurityAgency/ghidra,2499154110,8108,closed,GhidraProject: fix root path in docs,gemesa,2025-05-05T15:57:21Z,2025-05-05T16:20:00Z,2025-05-05T16:15:45Z,,,,
NationalSecurityAgency/ghidra,2482745718,8043,closed,cleanup: updated references to InstallationGuide.html with GettingStarted.md,adriankentsato,2025-04-26T01:57:58Z,2025-04-29T14:01:25Z,2025-04-29T14:01:24Z,2025-04-29T14:01:24Z,,,
NationalSecurityAgency/ghidra,1782433326,6335,closed,6x09 - Fix logicalShiftRight,depili,2024-03-20T15:54:15Z,2025-04-28T11:37:41Z,2025-04-27T16:21:47Z,,,,
NationalSecurityAgency/ghidra,2411676811,7941,closed,feat: Improve Rust detection via symbol analysis and rodata scan,fardinzamann,2025-03-23T02:52:01Z,2025-04-23T15:44:23Z,2025-04-23T15:44:23Z,,,,
NationalSecurityAgency/ghidra,2469666936,8025,closed,Fix duplicated word-related typos,LukeSerne,2025-04-19T16:15:40Z,2025-04-21T13:31:02Z,2025-04-21T12:06:50Z,2025-04-21T12:06:50Z,,,
NationalSecurityAgency/ghidra,2454831342,8003,closed,BUG: Fixed single byte fixup by moving externals to CODE start,peterbelm,2025-04-11T21:44:39Z,2025-04-20T18:12:25Z,2025-04-20T18:12:25Z,,,,
NationalSecurityAgency/ghidra,1782438724,6336,closed,6x09.sinc: Fix COM instruction,depili,2024-03-20T15:57:08Z,2025-04-13T12:29:00Z,2025-04-13T12:28:59Z,2025-04-13T12:29:00Z,,,
NationalSecurityAgency/ghidra,2455625225,8006,closed,Add support for Intel 8008 processor,spirosekulovski,2025-04-12T21:27:34Z,2025-04-12T21:29:55Z,2025-04-12T21:29:55Z,,,,
NationalSecurityAgency/ghidra,2443104070,7989,closed,Debugger: fix description of `step_into`,gemesa,2025-04-07T11:59:52Z,2025-04-08T14:42:46Z,2025-04-08T14:42:45Z,2025-04-08T14:42:45Z,,,
NationalSecurityAgency/ghidra,2408221911,7937,closed,Do not default to global so easily for label namespace,mumbel,2025-03-20T23:46:24Z,2025-04-07T13:52:37Z,2025-04-07T10:14:15Z,,,,
NationalSecurityAgency/ghidra,2420721239,7954,closed,Bump dependencies to address CVEs,egibs,2025-03-27T00:28:13Z,2025-04-04T18:36:27Z,2025-04-04T18:36:27Z,,,,
NationalSecurityAgency/ghidra,1032659842,4543,closed,No 10 hour builds,astrelsky,2022-08-22T11:00:02Z,2025-04-04T10:55:03Z,2022-08-22T13:53:03Z,,,,
NationalSecurityAgency/ghidra,2081550872,6935,closed,Added sourcing details for PyDev 9.3.0 as of Sept 2024,subreption-research,2024-09-19T17:12:16Z,2025-04-02T18:28:45Z,2025-04-02T18:28:45Z,,,,
NationalSecurityAgency/ghidra,2399410818,7926,closed,feat: detect Rust binaries in ELF loader using symbol patterns,fardinzamann,2025-03-18T01:08:35Z,2025-04-02T18:25:25Z,2025-04-02T18:25:04Z,,,,
NationalSecurityAgency/ghidra,2422438036,7957,closed,Add OMF-51 Library Filesystem,peterbelm,2025-03-27T13:07:03Z,2025-04-02T17:51:09Z,2025-04-02T17:39:58Z,2025-04-02T17:39:58Z,,,
NationalSecurityAgency/ghidra,2432857893,7974,closed,Fix error when importing PE executable when NumberOfRvaAndSizes = 11.,CallStackIO,2025-04-02T00:50:49Z,2025-04-02T17:39:58Z,2025-04-02T17:39:58Z,,,,
NationalSecurityAgency/ghidra,2395706524,7914,closed,OMF-51 Loader Fixups & Public/External Refs implementation,peterbelm,2025-03-15T20:44:19Z,2025-03-27T17:23:42Z,2025-03-27T17:23:41Z,2025-03-27T17:23:41Z,,,
NationalSecurityAgency/ghidra,2379897563,7885,closed,Detect more rust binaries,cyberkaida,2025-03-08T03:40:00Z,2025-03-21T10:13:36Z,2025-03-21T10:13:35Z,2025-03-21T10:13:35Z,,,
NationalSecurityAgency/ghidra,1245770811,5004,closed,Feature: UNIX A.out Loader,colinbourassa,2023-02-17T22:20:08Z,2025-03-20T16:04:42Z,2025-03-20T16:04:41Z,2025-03-20T16:04:41Z,,,
NationalSecurityAgency/ghidra,370492087,1509,closed,Add support for NEC uPD78 series microcontrollers,depili,2020-02-03T19:50:59Z,2025-03-20T10:52:21Z,2025-03-20T07:56:12Z,,,,
NationalSecurityAgency/ghidra,1973933379,6732,closed,Duplicate wording,just-an-engineer,2024-07-17T14:59:55Z,2025-03-18T15:13:54Z,2025-03-18T15:13:54Z,,,,
NationalSecurityAgency/ghidra,2382674675,7894,closed,Major typo and grammar fixes,jasonkanavas1,2025-03-10T15:49:06Z,2025-03-13T15:33:31Z,2025-03-13T15:33:05Z,,,,
NationalSecurityAgency/ghidra,2310864268,7436,closed,(Mach-O) Start using `long` for symbol table offsets instead of `int`.,nmggithub,2025-02-01T17:42:15Z,2025-03-13T15:11:54Z,2025-02-12T11:27:11Z,2025-02-12T11:27:11Z,,,
NationalSecurityAgency/ghidra,1716399066,6204,closed,PIC: Fix PIC16F description,antoniovazquezblanco,2024-02-07T20:39:12Z,2025-03-07T17:06:11Z,2025-03-07T16:34:33Z,2025-03-07T16:34:33Z,,,
NationalSecurityAgency/ghidra,1874760866,6531,closed,"AArch32: vsel ""gt"" condition missing NG & OV flag equality check",Sleigh-InSPECtor,2024-05-17T05:24:01Z,2025-03-07T16:34:34Z,2025-03-07T16:34:34Z,,,,
NationalSecurityAgency/ghidra,2364588917,7868,closed,Fix tricore relocation 24REL handling,Lehona,2025-02-28T13:37:17Z,2025-03-05T15:05:13Z,2025-03-05T15:05:12Z,,,,
NationalSecurityAgency/ghidra,2370872406,7875,closed,Memory Map: ensure columns exist on initialization,XeR,2025-03-04T13:42:04Z,2025-03-05T15:05:10Z,2025-03-05T15:05:09Z,2025-03-05T15:05:09Z,,,
NationalSecurityAgency/ghidra,2371488397,7877,closed,DyldChainedImport: fix offset mask bug,bmacphee,2025-03-04T17:43:14Z,2025-03-05T15:05:10Z,2025-03-05T15:05:09Z,2025-03-05T15:05:09Z,,,
NationalSecurityAgency/ghidra,2348570217,7531,closed,⏃⌰⍙⏃⊬⌇ ⏁⍀⎍⌇⏁ ⏃⌰⟟⟒⋏ ⏁⟒☊⊑⋏⍜⌰⍜☌⊬,cristiancmoises,2025-02-21T03:13:36Z,2025-03-03T18:06:26Z,2025-02-21T19:25:00Z,,,,
NationalSecurityAgency/ghidra,1895437213,6601,closed,x86: PUSHF/POPF address size fixes (64-bit mode),Sleigh-InSPECtor,2024-05-30T08:17:28Z,2025-03-01T10:36:44Z,2025-02-28T16:00:52Z,,,,
NationalSecurityAgency/ghidra,2343054013,7521,closed,cleanup some ghidra scripts ,bukowa,2025-02-18T20:13:52Z,2025-02-27T19:02:15Z,2025-02-27T17:38:25Z,,,,
NationalSecurityAgency/ghidra,1915442501,6631,closed,Encode SlaSpace wordsize as an unsigned integer,mborgerson,2024-06-11T23:58:58Z,2025-02-26T11:08:56Z,2025-02-25T21:52:17Z,,,,
NationalSecurityAgency/ghidra,2337926900,7510,closed,Fixed some references to generic types,sethcg,2025-02-15T21:37:04Z,2025-02-21T05:49:18Z,2025-02-20T18:14:54Z,2025-02-20T18:14:54Z,,,
NationalSecurityAgency/ghidra,1544663085,5861,closed,decomp_dbg: Fix output of `print C xml` to be XML instead of binary.,jmillikin,2023-10-06T03:58:17Z,2025-02-20T11:16:34Z,2024-03-07T14:18:40Z,,,,
NationalSecurityAgency/ghidra,2301683101,7421,closed,Add missing switch case in `PcodeOp.getMnemonic` for `SEGMENTOP`,ds5678,2025-01-28T08:58:15Z,2025-02-19T22:47:11Z,2025-02-07T13:51:51Z,2025-02-07T13:51:51Z,,,
NationalSecurityAgency/ghidra,2285610700,7388,closed,BSim: Document PostgreSQL support on arm64,gemesa,2025-01-18T10:47:50Z,2025-02-19T17:29:17Z,2025-02-19T16:31:54Z,,,,
NationalSecurityAgency/ghidra,1877514872,6542,closed,AArch32: vdup had destructive bitwise AND operations instead of OR and missing Thumb constructor constraints,Sleigh-InSPECtor,2024-05-20T04:17:11Z,2025-02-19T16:31:57Z,2025-02-19T16:31:56Z,,,,
NationalSecurityAgency/ghidra,2331892330,7489,closed,Fix #7488,mr6r4y,2025-02-12T17:16:31Z,2025-02-14T14:40:22Z,2025-02-14T14:40:21Z,,,,
NationalSecurityAgency/ghidra,1848457876,6470,closed,AArch64: fix ld<n>r destination registers,Sleigh-InSPECtor,2024-04-30T17:32:20Z,2025-02-14T14:40:22Z,2025-02-14T14:40:21Z,2025-02-14T14:40:21Z,,,
NationalSecurityAgency/ghidra,2332426890,7493,closed,Add content records (restoring files accidentally removed),gtackett,2025-02-12T22:30:18Z,2025-02-14T14:40:21Z,2025-02-14T14:40:21Z,2025-02-14T14:40:20Z,,,
NationalSecurityAgency/ghidra,2332351188,7492,closed,Language files,gtackett,2025-02-12T21:36:19Z,2025-02-13T11:01:48Z,2025-02-13T11:01:43Z,,,,
NationalSecurityAgency/ghidra,2324202396,7462,closed,Update feature_request.md,bukowa,2025-02-08T21:56:43Z,2025-02-10T15:29:55Z,2025-02-10T15:29:48Z,,,,
NationalSecurityAgency/ghidra,2324487329,7464,closed,RecoverClassesFromRTTIScript.java: fix misspelling of the word 'analyzer',vxbo,2025-02-09T12:44:33Z,2025-02-10T12:10:36Z,2025-02-10T12:10:35Z,,,,
NationalSecurityAgency/ghidra,2252697464,7320,closed,First steps in adding Silicon Labs CIP-51 to the 8051 language files,gtackett,2024-12-26T19:15:03Z,2025-02-07T17:47:16Z,2025-02-05T12:56:28Z,,,,
NationalSecurityAgency/ghidra,2308252794,7429,closed,FunctionID: Add Rust and Swift demanglers to headless Prescript,boppitybop,2025-01-31T04:27:34Z,2025-02-07T13:51:51Z,2025-02-07T13:51:51Z,2025-02-07T13:51:51Z,,,
NationalSecurityAgency/ghidra,1507430510,5757,closed,"Tricore, improve calling conventions",esaulenka,2023-09-08T07:54:37Z,2025-02-05T01:52:18Z,2024-02-23T13:23:17Z,,,,
NationalSecurityAgency/ghidra,299996893,827,closed,GT-3000 remove unneeded string data type usage in DWARF.,dev747368,2019-07-22T18:59:13Z,2025-01-30T18:36:54Z,2019-08-06T14:51:16Z,,,,
NationalSecurityAgency/ghidra,2302817416,7425,closed,Omf51 objectmarkup,gtackett,2025-01-28T17:06:29Z,2025-01-28T17:51:08Z,2025-01-28T17:51:08Z,,,,
NationalSecurityAgency/ghidra,2297982708,7414,closed,"""Mirror"" seems to be a verb rather than the owner of the interface",hippietrail,2025-01-25T05:33:53Z,2025-01-28T15:56:34Z,2025-01-27T11:34:01Z,2025-01-27T11:34:01Z,,,
NationalSecurityAgency/ghidra,2292891403,7399,closed,"Omf51 objectmarkup change record type symbolic name ""LibModName"" to ""LibModNames""",gtackett,2025-01-22T18:48:26Z,2025-01-24T11:05:33Z,2025-01-24T11:05:33Z,,,,
NationalSecurityAgency/ghidra,2182293181,7195,closed,Fix assembling instructions with unknown/don't care context bits,plucia-mitre,2024-11-15T17:33:23Z,2025-01-24T10:51:12Z,2025-01-24T10:51:11Z,,,,
NationalSecurityAgency/ghidra,2293066756,7401,closed,WhatsNew.md: Fix broken link.,RealKindOne,2025-01-22T20:43:41Z,2025-01-23T11:27:51Z,2025-01-23T03:23:10Z,,,,
NationalSecurityAgency/ghidra,2103662012,6995,closed,Correct bounds checking in ArraySequence::formByteArray,RootCubed,2024-10-02T14:54:55Z,2025-01-22T19:05:00Z,2024-11-23T09:26:08Z,,,,
NationalSecurityAgency/ghidra,1872876830,6520,closed,x86: Fix overlap issue with INCSS/RDSSP,Sleigh-InSPECtor,2024-05-16T08:48:21Z,2025-01-21T18:15:44Z,2025-01-21T18:15:43Z,,,,
NationalSecurityAgency/ghidra,2287899066,7394,closed,"correct past & continuous forms of ""to input""",hippietrail,2025-01-20T15:13:22Z,2025-01-21T16:30:06Z,2025-01-21T12:26:41Z,2025-01-21T12:26:41Z,,,
NationalSecurityAgency/ghidra,1787710348,6347,closed,"MSVC support and sample project,  frida debugging api updates",mitchcapper,2024-03-23T07:51:05Z,2025-01-21T12:37:44Z,2025-01-21T12:37:44Z,,,,
NationalSecurityAgency/ghidra,701395442,3304,closed,Prevent redefinition of integer limit macros,astrelsky,2021-08-02T11:50:37Z,2025-01-20T21:03:46Z,2025-01-20T21:03:34Z,,,,
NationalSecurityAgency/ghidra,2236978255,7287,closed,BSim: Clarify x86_64 support for PostgreSQL server,gemesa,2024-12-16T10:29:52Z,2025-01-17T17:16:52Z,2025-01-17T15:32:22Z,,,,
NationalSecurityAgency/ghidra,2278562327,7379,closed,Add step about ignoring Marketplace solutions dialog to Eclipse compi…,hippietrail,2025-01-15T08:30:54Z,2025-01-16T11:40:17Z,2025-01-16T11:40:09Z,,,,
NationalSecurityAgency/ghidra,2159178168,7138,closed,"proof of concept of fixing #7135, double-click lang comp spec",hippietrail,2024-11-02T14:14:04Z,2025-01-16T11:27:12Z,2025-01-14T23:42:23Z,,,,
NationalSecurityAgency/ghidra,2239358620,7293,closed,BSim: Replace updaterepo with generateupdates in docs,gemesa,2024-12-17T10:57:09Z,2025-01-10T16:21:43Z,2025-01-10T16:03:41Z,,,,
NationalSecurityAgency/ghidra,2257238079,7336,closed,Use python venv for package building,msm-code,2025-01-01T22:30:53Z,2025-01-04T00:19:56Z,2025-01-03T19:15:52Z,,,,
NationalSecurityAgency/ghidra,2254136402,7324,closed,Update supported Python versions in README,xiaoyinl,2024-12-28T13:03:21Z,2025-01-03T23:32:57Z,2025-01-02T19:25:05Z,2025-01-02T19:25:05Z,,,
NationalSecurityAgency/ghidra,2247331444,7312,closed,BSim: Rework feature visualizer colors (dark theme),gemesa,2024-12-20T20:19:45Z,2025-01-02T19:34:11Z,2025-01-02T19:25:05Z,2025-01-02T19:25:05Z,,,
NationalSecurityAgency/ghidra,1826232559,6432,closed,Change error message to be more correct,dublinsubway,2024-04-16T22:00:53Z,2024-12-31T00:47:49Z,2024-04-17T13:11:26Z,2024-04-17T13:11:26Z,,,
NationalSecurityAgency/ghidra,1669301476,6092,closed,Adding missing DirectX 7 IIDs.,americusmaximus,2024-01-08T16:53:43Z,2024-12-30T22:07:43Z,2024-01-10T13:28:12Z,2024-01-10T13:28:12Z,,,
NationalSecurityAgency/ghidra,2246827729,7307,closed,BSim: Add missing verb to docs,gemesa,2024-12-20T14:40:47Z,2024-12-25T19:36:25Z,2024-12-20T18:36:12Z,2024-12-20T18:36:12Z,,,
NationalSecurityAgency/ghidra,2237000281,7288,closed,BSim: Clarify install dependencies for PostgreSQL server,gemesa,2024-12-16T10:40:48Z,2024-12-16T14:24:10Z,2024-12-16T14:13:41Z,2024-12-16T14:13:41Z,,,
NationalSecurityAgency/ghidra,2205941412,7231,closed,Base: Sync headless analyzer docs,gemesa,2024-11-28T14:59:16Z,2024-12-11T08:44:34Z,2024-12-05T11:09:52Z,2024-12-05T11:09:52Z,,,
NationalSecurityAgency/ghidra,1763212430,6300,closed,Handle manually restored return address idiom in sparc,Ninja3047,2024-03-08T15:44:29Z,2024-12-10T21:15:48Z,2024-09-09T10:21:28Z,,,,
NationalSecurityAgency/ghidra,2146469007,7102,closed,BSim: Add status subcommand to bsim_ctl,gemesa,2024-10-25T18:06:33Z,2024-12-09T12:01:44Z,2024-12-09T11:13:32Z,,,,
NationalSecurityAgency/ghidra,2220719806,7262,closed,Add memcpy script,esaulenka,2024-12-06T19:23:42Z,2024-12-09T07:57:16Z,2024-12-09T07:57:16Z,,,,
NationalSecurityAgency/ghidra,2219217400,7255,closed,typo/grammar,hippietrail,2024-12-06T05:33:54Z,2024-12-06T14:25:20Z,2024-12-06T12:39:05Z,2024-12-06T12:39:05Z,,,
NationalSecurityAgency/ghidra,2216498773,7251,closed,Fix potential IndexOutOfBoundsException in PDB parsing,squk,2024-12-05T01:31:07Z,2024-12-06T12:39:06Z,2024-12-06T12:39:05Z,2024-12-06T12:39:05Z,,,
NationalSecurityAgency/ghidra,1570963816,5906,closed,HCS12 processor: fix conversion from Logical address to Global one,esaulenka,2023-10-24T12:47:08Z,2024-12-04T08:01:32Z,2024-01-09T12:38:35Z,,,,
NationalSecurityAgency/ghidra,592618638,2843,closed,PowerPC: multiple VLE-mode fixes,esaulenka,2021-03-14T21:08:37Z,2024-12-04T08:00:15Z,2023-12-22T19:00:28Z,,,,
NationalSecurityAgency/ghidra,1610670956,5977,closed,PowerPC: improve e_rlwinm / e_rlwimi instructions,esaulenka,2023-11-21T10:29:25Z,2024-12-04T07:59:59Z,2023-11-21T14:07:41Z,,,,
NationalSecurityAgency/ghidra,1530423708,5828,closed,PowerPC: allow 'xor.' instruction in VLE mode,esaulenka,2023-09-26T11:30:14Z,2024-12-04T07:55:35Z,2023-12-25T08:14:28Z,,,,
NationalSecurityAgency/ghidra,1507396249,5756,closed,"Tricore, fix DEXTR, `Extract from Double Register` instruction",esaulenka,2023-09-08T07:31:54Z,2024-12-04T07:51:09Z,2024-03-15T13:36:54Z,2024-03-15T13:36:54Z,,,
NationalSecurityAgency/ghidra,496382453,2326,closed,Infineon Tricore: simplify st.t instruction,esaulenka,2020-10-01T16:17:00Z,2024-12-04T07:51:04Z,2022-04-13T14:39:39Z,2022-04-13T14:39:39Z,,,
NationalSecurityAgency/ghidra,2196032714,7214,closed,make error messages match logic,hippietrail,2024-11-23T04:06:34Z,2024-11-26T17:02:09Z,2024-11-26T14:18:21Z,2024-11-26T14:18:21Z,,,
NationalSecurityAgency/ghidra,2200467065,7226,closed,Function ID: Fix report format,gemesa,2024-11-26T09:40:53Z,2024-11-26T16:12:43Z,2024-11-26T14:18:20Z,2024-11-26T14:18:20Z,,,
NationalSecurityAgency/ghidra,2197234264,7220,closed,chore: remove redundant word in comment,chuangjinglu,2024-11-25T03:16:44Z,2024-11-26T14:18:21Z,2024-11-26T14:18:20Z,2024-11-26T14:18:20Z,,,
NationalSecurityAgency/ghidra,2200104432,7225,closed,"many doubled ""the"" in comments etc",hippietrail,2024-11-26T06:23:42Z,2024-11-26T14:18:21Z,2024-11-26T14:18:20Z,2024-11-26T14:18:20Z,,,
NationalSecurityAgency/ghidra,2194730451,7213,closed,Output crc32 in hex,kaibolay,2024-11-22T13:32:07Z,2024-11-22T18:08:47Z,2024-11-22T18:04:35Z,2024-11-22T18:04:35Z,,,
NationalSecurityAgency/ghidra,1767053769,6307,closed,Improvements to PcodeSyntaxTree.locRange,sad-dev,2024-03-12T03:07:41Z,2024-11-22T18:06:02Z,2024-11-22T18:06:02Z,,,,
NationalSecurityAgency/ghidra,2181691924,7193,closed,Gui: Rework listing highlighter colors (dark theme),gemesa,2024-11-15T12:06:08Z,2024-11-20T11:25:24Z,2024-11-20T11:17:40Z,,,,
NationalSecurityAgency/ghidra,1516137316,5777,closed," Update RISCV-64 sleigh files to support vector, bit manipulation, and crypto extensions",thixotropist,2023-09-14T17:57:39Z,2024-11-17T17:10:37Z,2023-09-14T17:58:28Z,,,,
NationalSecurityAgency/ghidra,2174514102,7181,closed,3 typos/grammar fixes,hippietrail,2024-11-12T10:10:48Z,2024-11-14T15:59:25Z,2024-11-14T15:20:35Z,2024-11-14T15:20:35Z,,,
NationalSecurityAgency/ghidra,2152453699,7121,closed,"add a ""Downloads"" folder button to ""Select File to Import"" file chooser",hippietrail,2024-10-29T20:50:36Z,2024-11-14T15:20:34Z,2024-11-14T15:20:33Z,,,,
NationalSecurityAgency/ghidra,2143374731,7087,closed,BSim: Enable stderr display on console in runCommand(),gemesa,2024-10-24T11:09:57Z,2024-11-13T14:54:41Z,2024-11-13T13:41:31Z,2024-11-13T13:41:31Z,,,
NationalSecurityAgency/ghidra,2147143917,7106,closed,BSim: Add DN_OPTION to fix bsim_ctl changeauth for PKI authentication,gemesa,2024-10-26T09:23:28Z,2024-11-13T14:54:31Z,2024-11-13T13:41:31Z,2024-11-13T13:41:31Z,,,
NationalSecurityAgency/ghidra,2141719112,7083,closed,BSim: Fix incomplete commands in DatabaseConfiguration.html,gemesa,2024-10-23T17:57:12Z,2024-11-12T11:03:30Z,2024-11-12T10:59:22Z,2024-11-12T10:59:22Z,,,
NationalSecurityAgency/ghidra,2172562626,7178,closed,sonatype central release fix,mpollmeier,2024-11-11T11:02:02Z,2024-11-11T11:02:23Z,2024-11-11T11:02:11Z,,,,
NationalSecurityAgency/ghidra,2162391225,7151,closed,"margin bars are on the right, not the left; other suggested changes",hippietrail,2024-11-05T07:08:17Z,2024-11-07T11:39:47Z,2024-11-07T11:39:46Z,,,,
NationalSecurityAgency/ghidra,2156569276,7131,closed,remove redundant duplicated line of code,hippietrail,2024-10-31T15:54:42Z,2024-11-06T13:34:19Z,2024-11-06T11:34:12Z,2024-11-06T11:34:12Z,,,
NationalSecurityAgency/ghidra,2163007077,7152,closed,"misspellings of ""choosen"" and ""preceed""",hippietrail,2024-11-05T12:48:40Z,2024-11-06T13:30:03Z,2024-11-06T11:34:12Z,2024-11-06T11:34:12Z,,,
NationalSecurityAgency/ghidra,2151180303,7118,closed,Fixes #6662: Add qemu-gdb option to get all section mappings for target.,electricworry,2024-10-29T10:22:31Z,2024-11-06T11:34:11Z,2024-11-06T11:34:11Z,,,,
NationalSecurityAgency/ghidra,273026514,501,closed,Add support for UEFI datatype libraries,wrffrz,2019-04-24T08:30:23Z,2024-11-04T13:12:41Z,2023-04-13T12:47:36Z,,,,
NationalSecurityAgency/ghidra,2156774479,7132,closed,add standard hotkeys to adjust font size in filesystem browser text v…,hippietrail,2024-10-31T17:40:15Z,2024-11-04T12:12:50Z,2024-11-04T11:12:47Z,,,,
NationalSecurityAgency/ghidra,2157730083,7133,closed,doc only mentioned control-f8/f9 but on mac it's command-f8/f9,hippietrail,2024-11-01T08:46:50Z,2024-11-04T12:12:25Z,2024-11-04T11:13:52Z,,,,
NationalSecurityAgency/ghidra,1800812600,6373,closed,decompiler-cpp: Add missing for-loop index variable check,ekilmer,2024-04-01T16:37:56Z,2024-10-31T20:21:47Z,2024-10-31T18:36:46Z,,,,
NationalSecurityAgency/ghidra,1527807221,5824,closed,fix function inlining with more than one function,Random06457,2023-09-24T20:09:22Z,2024-10-31T18:35:04Z,2024-10-31T18:35:04Z,,,,
NationalSecurityAgency/ghidra,2153377056,7125,closed,couple of spellos and odd verb agreement etc,hippietrail,2024-10-30T09:34:24Z,2024-10-30T13:06:34Z,2024-10-30T12:00:11Z,2024-10-30T12:00:11Z,,,
NationalSecurityAgency/ghidra,2109355575,7014,closed,FunctionID: Add scripts for creating and attaching FID databases ,gemesa,2024-10-06T10:03:49Z,2024-10-30T12:06:35Z,2024-10-30T12:00:11Z,2024-10-30T12:00:11Z,,,
NationalSecurityAgency/ghidra,2152383674,7120,closed,Typestubs fixes,dc3-tsd,2024-10-29T20:05:13Z,2024-10-30T12:00:12Z,2024-10-30T12:00:12Z,,,,
NationalSecurityAgency/ghidra,2110630002,7021,closed,Context Menu cleanup #566,AronGunnar,2024-10-07T11:35:05Z,2024-10-30T12:00:10Z,2024-10-30T12:00:09Z,,,,
NationalSecurityAgency/ghidra,2128353275,7062,closed,Let FileSystem extensions set filetype icons in filesystem browser,hippietrail,2024-10-16T16:45:42Z,2024-10-30T09:41:59Z,2024-10-29T16:24:50Z,,,,
NationalSecurityAgency/ghidra,2132782693,7070,closed,Let FileSystem extensions set filetype icons in filesystem browser,hippietrail,2024-10-18T16:12:30Z,2024-10-30T09:20:04Z,2024-10-29T16:23:20Z,2024-10-29T16:23:20Z,,,
NationalSecurityAgency/ghidra,2108585570,7008,closed,minor English copyedit,hippietrail,2024-10-05T04:41:23Z,2024-10-30T09:13:45Z,2024-10-07T11:29:13Z,2024-10-07T11:29:13Z,,,
NationalSecurityAgency/ghidra,2144877996,7090,closed,+ macOS macho-o dynamic lib file extension .dylib to file dialog filter,hippietrail,2024-10-25T03:02:37Z,2024-10-30T09:13:27Z,2024-10-25T18:56:33Z,2024-10-25T18:56:33Z,,,
NationalSecurityAgency/ghidra,2147547185,7112,closed,"spelling of 'descendant' in identifiers, error messages, and comments",hippietrail,2024-10-27T05:10:09Z,2024-10-29T16:38:29Z,2024-10-29T16:23:20Z,2024-10-29T16:23:20Z,,,
NationalSecurityAgency/ghidra,2142686072,7086,closed,add oxygen icons for .exe / .dll / .dylib plus a few others,hippietrail,2024-10-24T05:08:17Z,2024-10-29T16:31:39Z,2024-10-29T16:23:20Z,2024-10-29T16:23:20Z,,,
NationalSecurityAgency/ghidra,2146137568,7098,closed,Fixes #7095. qemu-user debugging broken in Linux,electricworry,2024-10-25T15:22:43Z,2024-10-28T10:31:49Z,2024-10-25T19:09:10Z,,,,
NationalSecurityAgency/ghidra,377505097,1556,closed,Provide a basic .desktop file for Linux,timschumi,2020-02-20T01:36:35Z,2024-10-25T15:00:46Z,2021-07-23T12:41:30Z,,,,
NationalSecurityAgency/ghidra,2140084365,7080,closed,English copyedit,hippietrail,2024-10-23T06:33:31Z,2024-10-24T15:55:19Z,2024-10-24T15:43:42Z,2024-10-24T15:43:42Z,,,
NationalSecurityAgency/ghidra,2136733247,7076,closed,BSim: Fix paths in DatabaseConfiguration.html,gemesa,2024-10-21T18:14:44Z,2024-10-22T11:16:46Z,2024-10-22T11:14:30Z,2024-10-22T11:14:30Z,,,
NationalSecurityAgency/ghidra,2125532639,7057,closed,Update Omf51RecordTypes.java to add names for Keil-specific record types,gtackett,2024-10-15T15:09:46Z,2024-10-17T10:46:26Z,2024-10-17T10:46:23Z,2024-10-17T10:46:26Z,,,
NationalSecurityAgency/ghidra,2127316318,7059,closed,Base: Fix typo in AskScript.properties,gemesa,2024-10-16T09:23:01Z,2024-10-16T16:34:55Z,2024-10-16T16:31:08Z,2024-10-16T16:31:08Z,,,
NationalSecurityAgency/ghidra,2121625228,7046,closed,Fix outdated JavaDoc for DecompInterface.openProgram,asadbek064,2024-10-13T21:52:29Z,2024-10-15T11:56:38Z,2024-10-15T11:56:38Z,2024-10-15T11:56:38Z,,,
NationalSecurityAgency/ghidra,2109491901,7015,closed,FunctionID: Add description and category tag to ListDomainFiles.java,gemesa,2024-10-06T16:52:00Z,2024-10-13T19:18:11Z,2024-10-07T18:05:18Z,2024-10-07T18:05:18Z,,,
NationalSecurityAgency/ghidra,2119803859,7040,closed,Fix segfault after Sleigh::reset,toolCHAINZ,2024-10-11T14:24:23Z,2024-10-13T08:57:26Z,2024-10-12T09:52:47Z,,,,
NationalSecurityAgency/ghidra,2109090279,7012,closed,FunctionID: Add headless mode support to RepackFid.java,gemesa,2024-10-05T17:01:32Z,2024-10-11T14:29:31Z,2024-10-11T12:16:21Z,,,,
NationalSecurityAgency/ghidra,2113139493,7026,closed,Base: Allow non-existent file/dir in parse methods in headless mode,gemesa,2024-10-08T13:39:21Z,2024-10-11T14:29:13Z,2024-10-11T12:14:26Z,,,,
NationalSecurityAgency/ghidra,2111746639,7023,closed,Update VSCodeProjectScript.java to pre-populate formatter settings,plucia-mitre,2024-10-07T21:31:01Z,2024-10-08T16:04:45Z,2024-10-08T16:04:44Z,2024-10-08T16:04:44Z,,,
NationalSecurityAgency/ghidra,2109800314,7017,closed,Update Omf51ModuleHeader.java to place TRN ID byte before padding byte,gtackett,2024-10-07T03:18:19Z,2024-10-07T15:24:27Z,2024-10-07T15:24:27Z,,,,
NationalSecurityAgency/ghidra,2110621312,7020,closed,Context Menu cleanup Issue #566,AronGunnar,2024-10-07T11:30:33Z,2024-10-07T11:32:08Z,2024-10-07T11:32:08Z,,,,
NationalSecurityAgency/ghidra,2098223240,6979,closed,GhidraSleighEditor docs stated wrong directory for `build_README.txt`,hippietrail,2024-09-30T06:00:04Z,2024-10-03T15:45:45Z,2024-10-03T15:28:46Z,2024-10-03T15:28:46Z,,,
