name,full_name,stars,html_url
JavaGuide,Snailclimb/JavaGuide,151794,https://github.com/Snailclimb/JavaGuide
hello-algo,krahets/hello-algo,116887,https://github.com/krahets/hello-algo
GitHub-Chinese-Top-Charts,GrowingGit/GitHub-Chinese-Top-Charts,102329,https://github.com/GrowingGit/GitHub-Chinese-Top-Charts
java-design-patterns,iluwatar/java-design-patterns,92707,https://github.com/iluwatar/java-design-patterns
mall,macrozheng/mall,81608,https://github.com/macrozheng/mall
spring-boot,spring-projects/spring-boot,78415,https://github.com/spring-projects/spring-boot
advanced-java,doocs/advanced-java,78260,https://github.com/doocs/advanced-java
LeetCodeAnimation,MisterBooo/LeetCodeAnimation,76452,https://github.com/MisterBooo/LeetCodeAnimation
elasticsearch,elastic/elasticsearch,73813,https://github.com/elastic/elasticsearch
Stirling-PDF,Stirling-Tools/Stirling-PDF,67504,https://github.com/Stirling-Tools/Stirling-PDF
interviews,kdn251/interviews,64467,https://github.com/kdn251/interviews
Java,TheAlgorithms/Java,63406,https://github.com/TheAlgorithms/Java
ghidra,NationalSecurityAgency/ghidra,60596,https://github.com/NationalSecurityAgency/ghidra
spring-framework,spring-projects/spring-framework,58848,https://github.com/spring-projects/spring-framework
guava,google/guava,51122,https://github.com/google/guava
RxJava,ReactiveX/RxJava,48339,https://github.com/ReactiveX/RxJava
jadx,skylot/jadx,45526,https://github.com/skylot/jadx
dbeaver,dbeaver/dbeaver,45439,https://github.com/dbeaver/dbeaver
termux-app,termux/termux-app,45158,https://github.com/termux/termux-app
JeecgBoot,jeecgboot/JeecgBoot,43894,https://github.com/jeecgboot/JeecgBoot
dubbo,apache/dubbo,41366,https://github.com/apache/dubbo
MPAndroidChart,PhilJay/MPAndroidChart,38106,https://github.com/PhilJay/MPAndroidChart
tutorials,eugenp/tutorials,37260,https://github.com/eugenp/tutorials
halo,halo-dev/halo,36934,https://github.com/halo-dev/halo
arthas,alibaba/arthas,36727,https://github.com/alibaba/arthas
hello-algorithm,geekxh/hello-algorithm,35782,https://github.com/geekxh/hello-algorithm
lottie-android,airbnb/lottie-android,35475,https://github.com/airbnb/lottie-android
NewPipe,TeamNewPipe/NewPipe,35103,https://github.com/TeamNewPipe/NewPipe
leetcode,doocs/leetcode,34961,https://github.com/doocs/leetcode
glide,bumptech/glide,34950,https://github.com/bumptech/glide
netty,netty/netty,34439,https://github.com/netty/netty
spring-boot-demo,xkcoding/spring-boot-demo,33911,https://github.com/xkcoding/spring-boot-demo
AndroidUtilCode,Blankj/AndroidUtilCode,33644,https://github.com/Blankj/AndroidUtilCode
easyexcel,alibaba/easyexcel,33629,https://github.com/alibaba/easyexcel
zxing,zxing/zxing,33594,https://github.com/zxing/zxing
ruoyi-vue-pro,YunaiV/ruoyi-vue-pro,33282,https://github.com/YunaiV/ruoyi-vue-pro
selenium,SeleniumHQ/selenium,33237,https://github.com/SeleniumHQ/selenium
nacos,alibaba/nacos,32055,https://github.com/alibaba/nacos
WxJava,binarywang/WxJava,31928,https://github.com/binarywang/WxJava
kafka,apache/kafka,30928,https://github.com/apache/kafka
spring-boot-examples,ityouknow/spring-boot-examples,30606,https://github.com/ityouknow/spring-boot-examples
hutool,chinabugotech/hutool,30079,https://github.com/chinabugotech/hutool
apollo,apolloconfig/apollo,29655,https://github.com/apolloconfig/apollo
keycloak,keycloak/keycloak,29642,https://github.com/keycloak/keycloak
canal,alibaba/canal,29374,https://github.com/alibaba/canal
xxl-job,xuxueli/xxl-job,29326,https://github.com/xuxueli/xxl-job
conductor,conductor-oss/conductor,29204,https://github.com/conductor-oss/conductor
SpringAll,wuyouzhuguli/SpringAll,28958,https://github.com/wuyouzhuguli/SpringAll
spring-cloud-alibaba,alibaba/spring-cloud-alibaba,28764,https://github.com/alibaba/spring-cloud-alibaba
druid,alibaba/druid,28194,https://github.com/alibaba/druid
vhr,lenve/vhr,27945,https://github.com/lenve/vhr
Telegram,DrKLO/Telegram,27545,https://github.com/DrKLO/Telegram
JCSprout,crossoverJie/JCSprout,27066,https://github.com/crossoverJie/JCSprout
miaosha,qiurunze123/miaosha,26511,https://github.com/qiurunze123/miaosha
awesome-system-design-resources,ashishps1/awesome-system-design-resources,26048,https://github.com/ashishps1/awesome-system-design-resources
incubator-seata,apache/incubator-seata,25807,https://github.com/apache/incubator-seata
fastjson,alibaba/fastjson,25749,https://github.com/alibaba/fastjson
butterknife,JakeWharton/butterknife,25482,https://github.com/JakeWharton/butterknife
toBeTopJavaer,hollischuang/toBeTopJavaer,25470,https://github.com/hollischuang/toBeTopJavaer
flink,apache/flink,25274,https://github.com/apache/flink
SmartRefreshLayout,scwang90/SmartRefreshLayout,25154,https://github.com/scwang90/SmartRefreshLayout
proxyee-down,proxyee-down-org/proxyee-down,24867,https://github.com/proxyee-down-org/proxyee-down
openapi-generator,OpenAPITools/openapi-generator,24856,https://github.com/OpenAPITools/openapi-generator
Mindustry,Anuken/Mindustry,24823,https://github.com/Anuken/Mindustry
EventBus,greenrobot/EventBus,24763,https://github.com/greenrobot/EventBus
bazel,bazelbuild/bazel,24567,https://github.com/bazelbuild/bazel
skywalking,apache/skywalking,24525,https://github.com/apache/skywalking
SmartTube,yuliskov/SmartTube,24519,https://github.com/yuliskov/SmartTube
jenkins,jenkinsci/jenkins,24441,https://github.com/jenkinsci/jenkins
Hystrix,Netflix/Hystrix,24400,https://github.com/Netflix/Hystrix
libgdx,libgdx/libgdx,24352,https://github.com/libgdx/libgdx
Chat2DB,CodePhiliaX/Chat2DB,24266,https://github.com/CodePhiliaX/Chat2DB
gson,google/gson,24049,https://github.com/google/gson
redisson,redisson/redisson,24033,https://github.com/redisson/redisson
source-code-hunter,doocs/source-code-hunter,22965,https://github.com/doocs/source-code-hunter
Apktool,iBotPeaches/Apktool,22921,https://github.com/iBotPeaches/Apktool
Sentinel,alibaba/Sentinel,22910,https://github.com/alibaba/Sentinel
FizzBuzzEnterpriseEdition,EnterpriseQualityCoding/FizzBuzzEnterpriseEdition,22784,https://github.com/EnterpriseQualityCoding/FizzBuzzEnterpriseEdition
rocketmq,apache/rocketmq,22096,https://github.com/apache/rocketmq
dataease,dataease/dataease,21894,https://github.com/dataease/dataease
ExoPlayer,google/ExoPlayer,21876,https://github.com/google/ExoPlayer
eladmin,elunez/eladmin,21790,https://github.com/elunez/eladmin
jdk,openjdk/jdk,21726,https://github.com/openjdk/jdk
LSPosed,LSPosed/LSPosed,21580,https://github.com/LSPosed/LSPosed
kestra,kestra-io/kestra,21191,https://github.com/kestra-io/kestra
GSYVideoPlayer,CarGuo/GSYVideoPlayer,21109,https://github.com/CarGuo/GSYVideoPlayer
graal,oracle/graal,21096,https://github.com/oracle/graal
HikariCP,brettwooldridge/HikariCP,20718,https://github.com/brettwooldridge/HikariCP
DSA-Bootcamp-Java,kunal-kushwaha/DSA-Bootcamp-Java,20676,https://github.com/kunal-kushwaha/DSA-Bootcamp-Java
shardingsphere,apache/shardingsphere,20452,https://github.com/apache/shardingsphere
DoKit,didi/DoKit,20388,https://github.com/didi/DoKit
mybatis-3,mybatis/mybatis-3,20232,https://github.com/mybatis/mybatis-3
RxAndroid,ReactiveX/RxAndroid,20084,https://github.com/ReactiveX/RxAndroid
litemall,linlinjava/litemall,19924,https://github.com/linlinjava/litemall
SpringBoot-Labs,yudaocode/SpringBoot-Labs,19862,https://github.com/yudaocode/SpringBoot-Labs
Ehviewer_CN_SXJ,xiaojieonly/Ehviewer_CN_SXJ,19736,https://github.com/xiaojieonly/Ehviewer_CN_SXJ
thingsboard,thingsboard/thingsboard,19721,https://github.com/thingsboard/thingsboard
cat,dianping/cat,18936,https://github.com/dianping/cat
PhotoView,Baseflow/PhotoView,18871,https://github.com/Baseflow/PhotoView
intellij-community,JetBrains/intellij-community,18784,https://github.com/JetBrains/intellij-community
antlr4,antlr/antlr4,18352,https://github.com/antlr/antlr4
Algorithms,williamfiset/Algorithms,18226,https://github.com/williamfiset/Algorithms
APIJSON,Tencent/APIJSON,18198,https://github.com/Tencent/APIJSON
ip2region,lionsoul2014/ip2region,18166,https://github.com/lionsoul2014/ip2region
Sa-Token,dromara/Sa-Token,18160,https://github.com/dromara/Sa-Token
awesome-low-level-design,ashishps1/awesome-low-level-design,18041,https://github.com/ashishps1/awesome-low-level-design
disruptor,LMAX-Exchange/disruptor,17988,https://github.com/LMAX-Exchange/disruptor
SpringCloudLearning,forezp/SpringCloudLearning,17974,https://github.com/forezp/SpringCloudLearning
yudao-cloud,YunaiV/yudao-cloud,17865,https://github.com/YunaiV/yudao-cloud
tinker,Tencent/tinker,17558,https://github.com/Tencent/tinker
zipkin,openzipkin/zipkin,17308,https://github.com/openzipkin/zipkin
analysis-ik,infinilabs/analysis-ik,17214,https://github.com/infinilabs/analysis-ik
JustAuth,justauth/JustAuth,17193,https://github.com/justauth/JustAuth
fresco,facebook/fresco,17136,https://github.com/facebook/fresco
mybatis-plus,baomidou/mybatis-plus,17105,https://github.com/baomidou/mybatis-plus
caffeine,ben-manes/caffeine,17040,https://github.com/ben-manes/caffeine
material-components-android,material-components/material-components-android,16953,https://github.com/material-components/material-components-android
Android-Universal-Image-Loader,nostra13/Android-Universal-Image-Loader,16933,https://github.com/nostra13/Android-Universal-Image-Loader
DataX,alibaba/DataX,16817,https://github.com/alibaba/DataX
java8-tutorial,winterbe/java8-tutorial,16778,https://github.com/winterbe/java8-tutorial
zheng,shuzheng/zheng,16729,https://github.com/shuzheng/zheng
Grasscutter,Grasscutters/Grasscutter,16665,https://github.com/Grasscutters/Grasscutter
BigData-Notes,heibaiying/BigData-Notes,16655,https://github.com/heibaiying/BigData-Notes
springboot-learning-example,JeffLi1993/springboot-learning-example,16558,https://github.com/JeffLi1993/springboot-learning-example
tech-interview-for-developer,gyoogle/tech-interview-for-developer,16549,https://github.com/gyoogle/tech-interview-for-developer
presto,prestodb/presto,16503,https://github.com/prestodb/presto
questdb,questdb/questdb,16139,https://github.com/questdb/questdb
VirtualXposed,android-hacker/VirtualXposed,15828,https://github.com/android-hacker/VirtualXposed
SpringBoot-Learning,dyc87112/SpringBoot-Learning,15789,https://github.com/dyc87112/SpringBoot-Learning
Android-CleanArchitecture,android10/Android-CleanArchitecture,15565,https://github.com/android10/Android-CleanArchitecture
mockito,mockito/mockito,15278,https://github.com/mockito/mockito
hadoop,apache/hadoop,15263,https://github.com/apache/hadoop
bytecode-viewer,Konloch/bytecode-viewer,15218,https://github.com/Konloch/bytecode-viewer
neo4j,neo4j/neo4j,15082,https://github.com/neo4j/neo4j
quarkus,quarkusio/quarkus,14977,https://github.com/quarkusio/quarkus
flink-learning,zhisheng17/flink-learning,14930,https://github.com/zhisheng17/flink-learning
pulsar,apache/pulsar,14858,https://github.com/apache/pulsar
jd-gui,java-decompiler/jd-gui,14748,https://github.com/java-decompiler/jd-gui
logstash,elastic/logstash,14636,https://github.com/elastic/logstash
vert.x,eclipse-vertx/vert.x,14567,https://github.com/eclipse-vertx/vert.x
CircleImageView,hdodenhof/CircleImageView,14531,https://github.com/hdodenhof/CircleImageView
supertokens-core,supertokens/supertokens-core,14519,https://github.com/supertokens/supertokens-core
QMUI_Android,Tencent/QMUI_Android,14514,https://github.com/Tencent/QMUI_Android
ARouter,alibaba/ARouter,14493,https://github.com/alibaba/ARouter
Arduino,arduino/Arduino,14428,https://github.com/arduino/Arduino
onedev,theonedev/onedev,14300,https://github.com/theonedev/onedev
doris,apache/doris,14287,https://github.com/apache/doris
zaproxy,zaproxy/zaproxy,14113,https://github.com/zaproxy/zaproxy
deeplearning4j,deeplearning4j/deeplearning4j,14102,https://github.com/deeplearning4j/deeplearning4j
jib,GoogleContainerTools/jib,14022,https://github.com/GoogleContainerTools/jib
zuul,Netflix/zuul,13891,https://github.com/Netflix/zuul
logger,orhanobut/logger,13888,https://github.com/orhanobut/logger
dolphinscheduler,apache/dolphinscheduler,13835,https://github.com/apache/dolphinscheduler
druid,apache/druid,13830,https://github.com/apache/druid
spring-analysis,seaswalker/spring-analysis,13726,https://github.com/seaswalker/spring-analysis
pinpoint,pinpoint-apm/pinpoint,13716,https://github.com/pinpoint-apm/pinpoint
Java,DuGuQiuBai/Java,13716,https://github.com/DuGuQiuBai/Java
piggymetrics,sqshq/piggymetrics,13702,https://github.com/sqshq/piggymetrics
AndroidAutoSize,JessYanCoding/AndroidAutoSize,13694,https://github.com/JessYanCoding/AndroidAutoSize
Luban,Curzibn/Luban,13677,https://github.com/Curzibn/Luban
Material-Animations,lgvalle/Material-Animations,13660,https://github.com/lgvalle/Material-Animations
cryptomator,cryptomator/cryptomator,13646,https://github.com/cryptomator/cryptomator
mit-deep-learning-book-pdf,janishar/mit-deep-learning-book-pdf,13598,https://github.com/janishar/mit-deep-learning-book-pdf
languagetool,languagetool-org/languagetool,13578,https://github.com/languagetool-org/languagetool
tink,tink-crypto/tink,13554,https://github.com/tink-crypto/tink
PictureSelector,LuckSiege/PictureSelector,13541,https://github.com/LuckSiege/PictureSelector
Android-PickerView,Bigkoo/Android-PickerView,13481,https://github.com/Bigkoo/Android-PickerView
kkFileView,kekingcn/kkFileView,13323,https://github.com/kekingcn/kkFileView
lombok,projectlombok/lombok,13279,https://github.com/projectlombok/lombok
mall-learning,macrozheng/mall-learning,13257,https://github.com/macrozheng/mall-learning
awesome-leetcode-resources,ashishps1/awesome-leetcode-resources,13221,https://github.com/ashishps1/awesome-leetcode-resources
banner,youth5201314/banner,13033,https://github.com/youth5201314/banner
dex2jar,pxb1988/dex2jar,12908,https://github.com/pxb1988/dex2jar
conductor,Netflix/conductor,12778,https://github.com/Netflix/conductor
stetho,facebook/stetho,12710,https://github.com/facebook/stetho
spring-boot-admin,codecentric/spring-boot-admin,12689,https://github.com/codecentric/spring-boot-admin
guice,google/guice,12677,https://github.com/google/guice
COLA,alibaba/COLA,12659,https://github.com/alibaba/COLA
greenDAO,greenrobot/greenDAO,12626,https://github.com/greenrobot/greenDAO
eureka,Netflix/eureka,12625,https://github.com/Netflix/eureka
mall-swarm,macrozheng/mall-swarm,12611,https://github.com/macrozheng/mall-swarm
zookeeper,apache/zookeeper,12599,https://github.com/apache/zookeeper
Matisse,zhihu/Matisse,12567,https://github.com/zhihu/Matisse
metersphere,metersphere/metersphere,12475,https://github.com/metersphere/metersphere
AndroidViewAnimations,daimajia/AndroidViewAnimations,12472,https://github.com/daimajia/AndroidViewAnimations
AndroidSwipeLayout,daimajia/AndroidSwipeLayout,12407,https://github.com/daimajia/AndroidSwipeLayout
Mybatis-PageHelper,pagehelper/Mybatis-PageHelper,12340,https://github.com/pagehelper/Mybatis-PageHelper
jedis,redis/jedis,12155,https://github.com/redis/jedis
plantuml,plantuml/plantuml,12086,https://github.com/plantuml/plantuml
android-interview-questions,amitshekhariitbhu/android-interview-questions,12085,https://github.com/amitshekhariitbhu/android-interview-questions
uCrop,Yalantis/uCrop,12043,https://github.com/Yalantis/uCrop
matrix,Tencent/matrix,11905,https://github.com/Tencent/matrix
trino,trinodb/trino,11885,https://github.com/trinodb/trino
VasSonic,Tencent/VasSonic,11870,https://github.com/Tencent/VasSonic
xManager,Team-xManager/xManager,11859,https://github.com/Team-xManager/xManager
debezium,debezium/debezium,11852,https://github.com/debezium/debezium
grpc-java,grpc/grpc-java,11842,https://github.com/grpc/grpc-java
fullstack-tutorial,frank-lam/fullstack-tutorial,11682,https://github.com/frank-lam/fullstack-tutorial
xpipe,xpipe-io/xpipe,11637,https://github.com/xpipe-io/xpipe
webmagic,code4craft/webmagic,11626,https://github.com/code4craft/webmagic
OpenSearch,opensearch-project/OpenSearch,11569,https://github.com/opensearch-project/OpenSearch
OpenRefine,OpenRefine/OpenRefine,11518,https://github.com/OpenRefine/OpenRefine
realm-java,realm/realm-java,11484,https://github.com/realm/realm-java
CtCI-6th-Edition,careercup/CtCI-6th-Edition,11463,https://github.com/careercup/CtCI-6th-Edition
ImmersionBar,gyf-dev/ImmersionBar,11449,https://github.com/gyf-dev/ImmersionBar
Paper,PaperMC/Paper,11417,https://github.com/PaperMC/Paper
newbee-mall,newbee-ltd/newbee-mall,11393,https://github.com/newbee-ltd/newbee-mall
kafka-ui,provectus/kafka-ui,11302,https://github.com/provectus/kafka-ui
jsoup,jhy/jsoup,11243,https://github.com/jhy/jsoup
PermissionsDispatcher,permissions-dispatcher/PermissionsDispatcher,11228,https://github.com/permissions-dispatcher/PermissionsDispatcher
interview,mission-peace/interview,11213,https://github.com/mission-peace/interview
cas,apereo/cas,11196,https://github.com/apereo/cas
lawnchair,LawnchairLauncher/lawnchair,11140,https://github.com/LawnchairLauncher/lawnchair
Aegis,beemdevelopment/Aegis,11134,https://github.com/beemdevelopment/Aegis
FlycoTabLayout,H07000223/FlycoTabLayout,11122,https://github.com/H07000223/FlycoTabLayout
SmarterStreaming,daniulive/SmarterStreaming,11113,https://github.com/daniulive/SmarterStreaming
FileDownloader,lingochamp/FileDownloader,11112,https://github.com/lingochamp/FileDownloader
datahub,datahub-project/datahub,11050,https://github.com/datahub-project/datahub
SlidingMenu,jfeinstein10/SlidingMenu,11045,https://github.com/jfeinstein10/SlidingMenu
androidannotations,androidannotations/androidannotations,11036,https://github.com/androidannotations/androidannotations
jvm,doocs/jvm,10972,https://github.com/doocs/jvm
GmsCore,microg/GmsCore,10942,https://github.com/microg/GmsCore
spider-flow,ssssssss-team/spider-flow,10925,https://github.com/ssssssss-team/spider-flow
javapoet,square/javapoet,10870,https://github.com/square/javapoet
pkl,apple/pkl,10854,https://github.com/apple/pkl
jjwt,jwtk/jjwt,10849,https://github.com/jwtk/jjwt
vlayout,alibaba/vlayout,10774,https://github.com/alibaba/vlayout
platform_frameworks_base,aosp-mirror/platform_frameworks_base,10768,https://github.com/aosp-mirror/platform_frameworks_base
VirtualApp,asLody/VirtualApp,10753,https://github.com/asLody/VirtualApp
Java-WebSocket,TooTallNate/Java-WebSocket,10737,https://github.com/TooTallNate/Java-WebSocket
clojure,clojure/clojure,10717,https://github.com/clojure/clojure
starrocks,StarRocks/starrocks,10676,https://github.com/StarRocks/starrocks
android-async-http,android-async-http/android-async-http,10631,https://github.com/android-async-http/android-async-http
okhttp-OkGo,jeasonlzy/okhttp-OkGo,10602,https://github.com/jeasonlzy/okhttp-OkGo
auto,google/auto,10524,https://github.com/google/auto
JiaoZiVideoPlayer,lipangit/JiaoZiVideoPlayer,10492,https://github.com/lipangit/JiaoZiVideoPlayer
RxPermissions,tbruyelle/RxPermissions,10482,https://github.com/tbruyelle/RxPermissions
Activiti,Activiti/Activiti,10426,https://github.com/Activiti/Activiti
zfile,zfile-dev/zfile,10392,https://github.com/zfile-dev/zfile
resilience4j,resilience4j/resilience4j,10365,https://github.com/resilience4j/resilience4j
MVPArms,JessYanCoding/MVPArms,10285,https://github.com/JessYanCoding/MVPArms
aws-doc-sdk-examples,awsdocs/aws-doc-sdk-examples,10207,https://github.com/awsdocs/aws-doc-sdk-examples
ViewPagerIndicator,JakeWharton/ViewPagerIndicator,10104,https://github.com/JakeWharton/ViewPagerIndicator
Signal-Server,signalapp/Signal-Server,10076,https://github.com/signalapp/Signal-Server
CoreNLP,stanfordnlp/CoreNLP,9967,https://github.com/stanfordnlp/CoreNLP
glide-transformations,wasabeef/glide-transformations,9927,https://github.com/wasabeef/glide-transformations
easypermissions,googlesamples/easypermissions,9913,https://github.com/googlesamples/easypermissions
paascloud-master,paascloud/paascloud-master,9899,https://github.com/paascloud/paascloud-master
JsBridge,uknownothingsnow/JsBridge,9889,https://github.com/uknownothingsnow/JsBridge
sonarqube,SonarSource/sonarqube,9884,https://github.com/SonarSource/sonarqube
MagicIndicator,hackware1993/MagicIndicator,9803,https://github.com/hackware1993/MagicIndicator
AVLoadingIndicatorView,HarlonWang/AVLoadingIndicatorView,9770,https://github.com/HarlonWang/AVLoadingIndicatorView
feign,OpenFeign/feign,9738,https://github.com/OpenFeign/feign
Fragmentation,YoKeyword/Fragmentation,9725,https://github.com/YoKeyword/Fragmentation
spring-reading,xuchengsheng/spring-reading,9710,https://github.com/xuchengsheng/spring-reading
spring-boot-api-project-seed,lihengming/spring-boot-api-project-seed,9686,https://github.com/lihengming/spring-boot-api-project-seed
spark,perwendel/spark,9660,https://github.com/perwendel/spark
Android-ObservableScrollView,ksoichiro/Android-ObservableScrollView,9650,https://github.com/ksoichiro/Android-ObservableScrollView
react-native-camera,react-native-camera/react-native-camera,9648,https://github.com/react-native-camera/react-native-camera
android-gif-drawable,koral--/android-gif-drawable,9631,https://github.com/koral--/android-gif-drawable
DanmakuFlameMaster,bilibili/DanmakuFlameMaster,9600,https://github.com/bilibili/DanmakuFlameMaster
spinnaker,spinnaker/spinnaker,9584,https://github.com/spinnaker/spinnaker
android-Ultra-Pull-To-Refresh,liaohuqiu/android-Ultra-Pull-To-Refresh,9563,https://github.com/liaohuqiu/android-Ultra-Pull-To-Refresh
Mycat-Server,MyCATApache/Mycat-Server,9552,https://github.com/MyCATApache/Mycat-Server
AndroidSlidingUpPanel,umano/AndroidSlidingUpPanel,9498,https://github.com/umano/AndroidSlidingUpPanel
cim,crossoverJie/cim,9443,https://github.com/crossoverJie/cim
PocketHub,pockethub/PocketHub,9380,https://github.com/pockethub/PocketHub
cassandra,apache/cassandra,9371,https://github.com/apache/cassandra
AgentWeb,Justson/AgentWeb,9352,https://github.com/Justson/AgentWeb
EhViewer,seven332/EhViewer,9340,https://github.com/seven332/EhViewer
CalendarView,huanghaibin-dev/CalendarView,9316,https://github.com/huanghaibin-dev/CalendarView
spring-security,spring-projects/spring-security,9300,https://github.com/spring-projects/spring-security
JsonPath,json-path/JsonPath,9299,https://github.com/json-path/JsonPath
AndroidNote,GcsSloop/AndroidNote,9294,https://github.com/GcsSloop/AndroidNote
testing-samples,android/testing-samples,9277,https://github.com/android/testing-samples
android-gpuimage,cats-oss/android-gpuimage,9129,https://github.com/cats-oss/android-gpuimage
flyway,flyway/flyway,9110,https://github.com/flyway/flyway
VirtualAPK,didi/VirtualAPK,9042,https://github.com/didi/VirtualAPK
langchain4j,langchain4j/langchain4j,9032,https://github.com/langchain4j/langchain4j
jmeter,apache/jmeter,9005,https://github.com/apache/jmeter
MaterialDesignLibrary,navasmdc/MaterialDesignLibrary,8971,https://github.com/navasmdc/MaterialDesignLibrary
Jetpack-MVVM-Best-Practice,KunMinX/Jetpack-MVVM-Best-Practice,8950,https://github.com/KunMinX/Jetpack-MVVM-Best-Practice
Android_Data,Freelander/Android_Data,8844,https://github.com/Freelander/Android_Data
storm,nathanmarz/storm,8811,https://github.com/nathanmarz/storm
jna,java-native-access/jna,8802,https://github.com/java-native-access/jna
StatusBarUtil,laobie/StatusBarUtil,8799,https://github.com/laobie/StatusBarUtil
seatunnel,apache/seatunnel,8787,https://github.com/apache/seatunnel
flowable-engine,flowable/flowable-engine,8726,https://github.com/flowable/flowable-engine
awesome-java-leetcode,Blankj/awesome-java-leetcode,8712,https://github.com/Blankj/awesome-java-leetcode
Android-PullToRefresh,chrisbanes/Android-PullToRefresh,8687,https://github.com/chrisbanes/Android-PullToRefresh
checkstyle,checkstyle/checkstyle,8675,https://github.com/checkstyle/checkstyle
karate,karatelabs/karate,8666,https://github.com/karatelabs/karate
Android-SpinKit,ybq/Android-SpinKit,8663,https://github.com/ybq/Android-SpinKit
shenyu,apache/shenyu,8658,https://github.com/apache/shenyu
AndResGuard,shwenzhang/AndResGuard,8624,https://github.com/shwenzhang/AndResGuard
react-native-image-picker,react-native-image-picker/react-native-image-picker,8591,https://github.com/react-native-image-picker/react-native-image-picker
Calligraphy,chrisjenx/Calligraphy,8569,https://github.com/chrisjenx/Calligraphy
Android-Debug-Database,amitshekhariitbhu/Android-Debug-Database,8562,https://github.com/amitshekhariitbhu/Android-Debug-Database
epoxy,airbnb/epoxy,8561,https://github.com/airbnb/epoxy
buck,facebook/buck,8556,https://github.com/facebook/buck
dropwizard,dropwizard/dropwizard,8556,https://github.com/dropwizard/dropwizard
junit4,junit-team/junit4,8536,https://github.com/junit-team/junit4
ysoserial,frohoff/ysoserial,8510,https://github.com/frohoff/ysoserial
GoGoGo,ZCShou/GoGoGo,8505,https://github.com/ZCShou/GoGoGo
tsunami-security-scanner,google/tsunami-security-scanner,8461,https://github.com/google/tsunami-security-scanner
BottomBar,roughike/BottomBar,8388,https://github.com/roughike/BottomBar
LSPatch,LSPosed/LSPatch,8387,https://github.com/LSPosed/LSPatch
PojavLauncher,PojavLauncherTeam/PojavLauncher,8386,https://github.com/PojavLauncherTeam/PojavLauncher
hsweb-framework,hs-web/hsweb-framework,8382,https://github.com/hs-web/hsweb-framework
AndroidPdfViewer,DImuthuUpe/AndroidPdfViewer,8363,https://github.com/DImuthuUpe/AndroidPdfViewer
testcontainers-java,testcontainers/testcontainers-java,8324,https://github.com/testcontainers/testcontainers-java
im-server,wildfirechat/im-server,8302,https://github.com/wildfirechat/im-server
beam,apache/beam,8299,https://github.com/apache/beam
shardingsphere-elasticjob,apache/shardingsphere-elasticjob,8210,https://github.com/apache/shardingsphere-elasticjob
pentaho-kettle,pentaho/pentaho-kettle,8174,https://github.com/pentaho/pentaho-kettle
baritone,cabaletta/baritone,8158,https://github.com/cabaletta/baritone
atlas,alibaba/atlas,8151,https://github.com/alibaba/atlas
HMCL,HMCL-dev/HMCL,8138,https://github.com/HMCL-dev/HMCL
transmittable-thread-local,alibaba/transmittable-thread-local,8133,https://github.com/alibaba/transmittable-thread-local
otter,alibaba/otter,8128,https://github.com/alibaba/otter
javacv,bytedeco/javacv,8124,https://github.com/bytedeco/javacv
aeron,aeron-io/aeron,8115,https://github.com/aeron-io/aeron
MaterialViewPager,florent37/MaterialViewPager,8114,https://github.com/florent37/MaterialViewPager
UltimateAndroidReference,aritraroy/UltimateAndroidReference,8104,https://github.com/aritraroy/UltimateAndroidReference
LitePal,guolindev/LitePal,8100,https://github.com/guolindev/LitePal
subsampling-scale-image-view,davemorrissey/subsampling-scale-image-view,7988,https://github.com/davemorrissey/subsampling-scale-image-view
SimianArmy,Netflix/SimianArmy,7987,https://github.com/Netflix/SimianArmy
iceberg,apache/iceberg,7977,https://github.com/apache/iceberg
XPopup,junixapp/XPopup,7968,https://github.com/junixapp/XPopup
tomcat,apache/tomcat,7952,https://github.com/apache/tomcat
hugo,JakeWharton/hugo,7931,https://github.com/JakeWharton/hugo
metrics,dropwizard/metrics,7850,https://github.com/dropwizard/metrics
HomeMirror,HannahMitt/HomeMirror,7846,https://github.com/HannahMitt/HomeMirror
react-native-svg,software-mansion/react-native-svg,7837,https://github.com/software-mansion/react-native-svg
graylog2-server,Graylog2/graylog2-server,7808,https://github.com/Graylog2/graylog2-server
material-theme-jetbrains,ChrisRM/material-theme-jetbrains,7791,https://github.com/ChrisRM/material-theme-jetbrains
RxLifecycle,trello-archive/RxLifecycle,7693,https://github.com/trello-archive/RxLifecycle
LeetCode-Book,krahets/LeetCode-Book,7687,https://github.com/krahets/LeetCode-Book
MVVMHabit,goldze/MVVMHabit,7686,https://github.com/goldze/MVVMHabit
vjtools,vipshop/vjtools,7671,https://github.com/vipshop/vjtools
hellocharts-android,lecho/hellocharts-android,7662,https://github.com/lecho/hellocharts-android
Shadow,Tencent/Shadow,7642,https://github.com/Tencent/Shadow
MyBookshelf,gedoor/MyBookshelf,7624,https://github.com/gedoor/MyBookshelf
PowerJob,PowerJob/PowerJob,7591,https://github.com/PowerJob/PowerJob
android-classyshark,google/android-classyshark,7589,https://github.com/google/android-classyshark
closure-compiler,google/closure-compiler,7571,https://github.com/google/closure-compiler
AndroidAsync,koush/AndroidAsync,7547,https://github.com/koush/AndroidAsync
jimureport,jeecgboot/jimureport,7544,https://github.com/jeecgboot/jimureport
RxJava-Android-Samples,kaushikgopal/RxJava-Android-Samples,7527,https://github.com/kaushikgopal/RxJava-Android-Samples
algs4,kevin-wayne/algs4,7503,https://github.com/kevin-wayne/algs4
mapstruct,mapstruct/mapstruct,7502,https://github.com/mapstruct/mapstruct
LeetCode,yuanguangxin/LeetCode,7469,https://github.com/yuanguangxin/LeetCode
swagger-core,swagger-api/swagger-core,7458,https://github.com/swagger-api/swagger-core
enso,enso-org/enso,7439,https://github.com/enso-org/enso
1brc,gunnarmorling/1brc,7435,https://github.com/gunnarmorling/1brc
VBlog,lenve/VBlog,7418,https://github.com/lenve/VBlog
SpringCloud-Learning,dyc87112/SpringCloud-Learning,7404,https://github.com/dyc87112/SpringCloud-Learning
Mapper,abel533/Mapper,7369,https://github.com/abel533/Mapper
ShortcutBadger,leolin310148/ShortcutBadger,7355,https://github.com/leolin310148/ShortcutBadger
RePlugin,Qihoo360/RePlugin,7340,https://github.com/Qihoo360/RePlugin
MinecraftForge,MinecraftForge/MinecraftForge,7302,https://github.com/MinecraftForge/MinecraftForge
dagger,square/dagger,7301,https://github.com/square/dagger
gocd,gocd/gocd,7297,https://github.com/gocd/gocd
Android-Bootstrap,Bearded-Hen/Android-Bootstrap,7268,https://github.com/Bearded-Hen/Android-Bootstrap
AntennaPod,AntennaPod/AntennaPod,7258,https://github.com/AntennaPod/AntennaPod
sweet-alert-dialog,pedant/sweet-alert-dialog,7249,https://github.com/pedant/sweet-alert-dialog
TakePhoto,crazycodeboy/TakePhoto,7243,https://github.com/crazycodeboy/TakePhoto
xmall,Exrick/xmall,7234,https://github.com/Exrick/xmall
WeChatLuckyMoney,geeeeeeeeek/WeChatLuckyMoney,7224,https://github.com/geeeeeeeeek/WeChatLuckyMoney
UltimateRecyclerView,cymcsg/UltimateRecyclerView,7203,https://github.com/cymcsg/UltimateRecyclerView
DependencyCheck,dependency-check/DependencyCheck,7195,https://github.com/dependency-check/DependencyCheck
agera,google/agera,7167,https://github.com/google/agera
nanohttpd,NanoHttpd/nanohttpd,7165,https://github.com/NanoHttpd/nanohttpd
KnowStreaming,didi/KnowStreaming,7142,https://github.com/didi/KnowStreaming
SmartTabLayout,ogaclejapan/SmartTabLayout,7097,https://github.com/ogaclejapan/SmartTabLayout
gnirehtet,Genymobile/gnirehtet,7089,https://github.com/Genymobile/gnirehtet
ActionBarSherlock,JakeWharton/ActionBarSherlock,7075,https://github.com/JakeWharton/ActionBarSherlock
alluxio,Alluxio/alluxio,7069,https://github.com/Alluxio/alluxio
automq,AutoMQ/automq,7060,https://github.com/AutoMQ/automq
Timber,naman14/Timber,7056,https://github.com/naman14/Timber
error-prone,google/error-prone,7040,https://github.com/google/error-prone
elasticsearch-sql,NLPchina/elasticsearch-sql,7033,https://github.com/NLPchina/elasticsearch-sql
JavaTutorial,h2pl/JavaTutorial,7029,https://github.com/h2pl/JavaTutorial
rest-assured,rest-assured/rest-assured,7029,https://github.com/rest-assured/rest-assured
netty-socketio,mrniko/netty-socketio,6996,https://github.com/mrniko/netty-socketio
wiremock,wiremock/wiremock,6983,https://github.com/wiremock/wiremock
joyagent-jdgenie,jd-opensource/joyagent-jdgenie,6978,https://github.com/jd-opensource/joyagent-jdgenie
DroidPlugin,DroidPluginTeam/DroidPlugin,6960,https://github.com/DroidPluginTeam/DroidPlugin
jvm-sandbox,alibaba/jvm-sandbox,6924,https://github.com/alibaba/jvm-sandbox
CompreFace,exadel-inc/CompreFace,6899,https://github.com/exadel-inc/CompreFace
okhttputils,hongyangAndroid/okhttputils,6860,https://github.com/hongyangAndroid/okhttputils
walle,Meituan-Dianping/walle,6847,https://github.com/Meituan-Dianping/walle
springcloud-learning,macrozheng/springcloud-learning,6838,https://github.com/macrozheng/springcloud-learning
rabbitmq-tutorials,rabbitmq/rabbitmq-tutorials,6808,https://github.com/rabbitmq/rabbitmq-tutorials
junit-framework,junit-team/junit-framework,6795,https://github.com/junit-team/junit-framework
java-eight-part,CoderLeixiaoshuai/java-eight-part,6793,https://github.com/CoderLeixiaoshuai/java-eight-part
react-native-push-notification,zo0r/react-native-push-notification,6787,https://github.com/zo0r/react-native-push-notification
BookReader,smuyyh/BookReader,6783,https://github.com/smuyyh/BookReader
angel,Angel-ML/angel,6776,https://github.com/Angel-ML/angel
spring-ai,spring-projects/spring-ai,6755,https://github.com/spring-projects/spring-ai
haven,guardianproject/haven,6724,https://github.com/guardianproject/haven
AndroidPerformanceMonitor,markzhai/AndroidPerformanceMonitor,6724,https://github.com/markzhai/AndroidPerformanceMonitor
itstack-demo-design,fuzhengwei/itstack-demo-design,6718,https://github.com/fuzhengwei/itstack-demo-design
AndroidProject,getActivity/AndroidProject,6716,https://github.com/getActivity/AndroidProject
AndroidPicker,gzu-liyujiang/AndroidPicker,6713,https://github.com/gzu-liyujiang/AndroidPicker
mybatis-generator-gui,zouzg/mybatis-generator-gui,6710,https://github.com/zouzg/mybatis-generator-gui
springBoot,527515025/springBoot,6702,https://github.com/527515025/springBoot
AndroidAutoLayout,hongyangAndroid/AndroidAutoLayout,6675,https://github.com/hongyangAndroid/AndroidAutoLayout
Leaf,Meituan-Dianping/Leaf,6671,https://github.com/Meituan-Dianping/Leaf
Recaf,Col-E/Recaf,6658,https://github.com/Col-E/Recaf
storm,apache/storm,6653,https://github.com/apache/storm
AndPermission,yanzhenjie/AndPermission,6644,https://github.com/yanzhenjie/AndPermission
hertzbeat,apache/hertzbeat,6616,https://github.com/apache/hertzbeat
byte-buddy,raphw/byte-buddy,6611,https://github.com/raphw/byte-buddy
quartz,quartz-scheduler/quartz,6609,https://github.com/quartz-scheduler/quartz
Toasty,GrenderG/Toasty,6597,https://github.com/GrenderG/Toasty
zeppelin,apache/zeppelin,6560,https://github.com/apache/zeppelin
smali,JesusFreke/smali,6535,https://github.com/JesusFreke/smali
ansj_seg,NLPchina/ansj_seg,6530,https://github.com/NLPchina/ansj_seg
AppManager,MuntashirAkon/AppManager,6525,https://github.com/MuntashirAkon/AppManager
jOOQ,jOOQ/jOOQ,6522,https://github.com/jOOQ/jOOQ
TV,FongMi/TV,6521,https://github.com/FongMi/TV
processing,processing/processing,6504,https://github.com/processing/processing
Android-skin-support,ximsfei/Android-skin-support,6504,https://github.com/ximsfei/Android-skin-support
XXPermissions,getActivity/XXPermissions,6491,https://github.com/getActivity/XXPermissions
traccar,traccar/traccar,6460,https://github.com/traccar/traccar
Spring-Cloud-Platform,wxiaoqi/Spring-Cloud-Platform,6434,https://github.com/wxiaoqi/Spring-Cloud-Platform
Android-Image-Cropper,ArthurHub/Android-Image-Cropper,6425,https://github.com/ArthurHub/Android-Image-Cropper
RoundedImageView,vinc3m1/RoundedImageView,6424,https://github.com/vinc3m1/RoundedImageView
pig,pig-mesh/pig,6418,https://github.com/pig-mesh/pig
hazelcast,hazelcast/hazelcast,6393,https://github.com/hazelcast/hazelcast
async-http-client,AsyncHttpClient/async-http-client,6391,https://github.com/AsyncHttpClient/async-http-client
remusic,aa112901/remusic,6359,https://github.com/aa112901/remusic
vespa,vespa-engine/vespa,6356,https://github.com/vespa-engine/vespa
JFoenix,sshahine/JFoenix,6342,https://github.com/sshahine/JFoenix
jsonschema2pojo,joelittlejohn/jsonschema2pojo,6333,https://github.com/joelittlejohn/jsonschema2pojo
richeditor-android,wasabeef/richeditor-android,6332,https://github.com/wasabeef/richeditor-android
micronaut-core,micronaut-projects/micronaut-core,6304,https://github.com/micronaut-projects/micronaut-core
from-java-to-kotlin,amitshekhariitbhu/from-java-to-kotlin,6293,https://github.com/amitshekhariitbhu/from-java-to-kotlin
ion,koush/ion,6274,https://github.com/koush/ion
wvp-GB28181-pro,648540858/wvp-GB28181-pro,6273,https://github.com/648540858/wvp-GB28181-pro
config,lightbend/config,6261,https://github.com/lightbend/config
smile,haifengl/smile,6259,https://github.com/haifengl/smile
hibernate-orm,hibernate/hibernate-orm,6241,https://github.com/hibernate/hibernate-orm
flink-cdc,apache/flink-cdc,6227,https://github.com/apache/flink-cdc
spring-cloud-examples,ityouknow/spring-cloud-examples,6225,https://github.com/ityouknow/spring-cloud-examples
gephi,gephi/gephi,6211,https://github.com/gephi/gephi
graphql-java,graphql-java/graphql-java,6199,https://github.com/graphql-java/graphql-java
logisim-evolution,logisim-evolution/logisim-evolution,6197,https://github.com/logisim-evolution/logisim-evolution
mini-spring,DerekYRC/mini-spring,6195,https://github.com/DerekYRC/mini-spring
IJPay,Javen205/IJPay,6175,https://github.com/Javen205/IJPay
jetlinks-community,jetlinks/jetlinks-community,6157,https://github.com/jetlinks/jetlinks-community
iotdb,apache/iotdb,6140,https://github.com/apache/iotdb
grafika,google/grafika,6134,https://github.com/google/grafika
java-jwt,auth0/java-jwt,6130,https://github.com/auth0/java-jwt
QR-Code-generator,nayuki/QR-Code-generator,6123,https://github.com/nayuki/QR-Code-generator
SwipeBackLayout,ikew0ng/SwipeBackLayout,6123,https://github.com/ikew0ng/SwipeBackLayout
incubator-kie-drools,apache/incubator-kie-drools,6119,https://github.com/apache/incubator-kie-drools
NumberProgressBar,daimajia/NumberProgressBar,6106,https://github.com/daimajia/NumberProgressBar
MaterialEditText,rengwuxian/MaterialEditText,6099,https://github.com/rengwuxian/MaterialEditText
useful-java-links,Vedenin/useful-java-links,6060,https://github.com/Vedenin/useful-java-links
GhidraMCP,LaurieWired/GhidraMCP,6054,https://github.com/LaurieWired/GhidraMCP
SoloPi,alipay/SoloPi,6043,https://github.com/alipay/SoloPi
SpringBootVulExploit,LandGrey/SpringBootVulExploit,6035,https://github.com/LandGrey/SpringBootVulExploit
dynamic-load-apk,singwhatiwanna/dynamic-load-apk,6030,https://github.com/singwhatiwanna/dynamic-load-apk
j2objc,google/j2objc,6029,https://github.com/google/j2objc
EffectiveAndroidUI,pedrovgs/EffectiveAndroidUI,6015,https://github.com/pedrovgs/EffectiveAndroidUI
graphhopper,graphhopper/graphhopper,6009,https://github.com/graphhopper/graphhopper
material,rey5137/material,5988,https://github.com/rey5137/material
physical-web,google/physical-web,5982,https://github.com/google/physical-web
vavr,vavr-io/vavr,5975,https://github.com/vavr-io/vavr
kafdrop,obsidiandynamics/kafdrop,5973,https://github.com/obsidiandynamics/kafdrop
robolectric,robolectric/robolectric,5968,https://github.com/robolectric/robolectric
xUtils3,wyouflf/xUtils3,5967,https://github.com/wyouflf/xUtils3
btrace,btraceio/btrace,5961,https://github.com/btraceio/btrace
ssm,liyifeng1994/ssm,5956,https://github.com/liyifeng1994/ssm
camel,apache/camel,5955,https://github.com/apache/camel
javaparser,javaparser/javaparser,5943,https://github.com/javaparser/javaparser
springfox,springfox/springfox,5941,https://github.com/springfox/springfox
hudi,apache/hudi,5939,https://github.com/apache/hudi
material-calendarview,prolificinteractive/material-calendarview,5925,https://github.com/prolificinteractive/material-calendarview
google-java-format,google/google-java-format,5922,https://github.com/google/google-java-format
androidmvp,antoniolg/androidmvp,5918,https://github.com/antoniolg/androidmvp
Pixiv-Shaft,CeuiLiSA/Pixiv-Shaft,5905,https://github.com/CeuiLiSA/Pixiv-Shaft
pinot,apache/pinot,5902,https://github.com/apache/pinot
motan,weibocom/motan,5896,https://github.com/weibocom/motan
austin,ZhongFuCheng3y/austin,5891,https://github.com/ZhongFuCheng3y/austin
datax-web,WeiYe-Jing/datax-web,5890,https://github.com/WeiYe-Jing/datax-web
zxing-android-embedded,journeyapps/zxing-android-embedded,5890,https://github.com/journeyapps/zxing-android-embedded
hippo4j,opengoofy/hippo4j,5885,https://github.com/opengoofy/hippo4j
blade,lets-blade/blade,5879,https://github.com/lets-blade/blade
spring-ai-alibaba,alibaba/spring-ai-alibaba,5872,https://github.com/alibaba/spring-ai-alibaba
Fast-Android-Networking,amitshekhariitbhu/Fast-Android-Networking,5843,https://github.com/amitshekhariitbhu/Fast-Android-Networking
JSqlParser,JSQLParser/JSqlParser,5811,https://github.com/JSQLParser/JSqlParser
api-samples,youtube/api-samples,5808,https://github.com/youtube/api-samples
lanproxy,ffay/lanproxy,5805,https://github.com/ffay/lanproxy
BoomMenu,Nightonke/BoomMenu,5804,https://github.com/Nightonke/BoomMenu
tcc-transaction,changmingxie/tcc-transaction,5796,https://github.com/changmingxie/tcc-transaction
hive,apache/hive,5794,https://github.com/apache/hive
DiscreteScrollView,yarolegovich/DiscreteScrollView,5788,https://github.com/yarolegovich/DiscreteScrollView
DiskLruCache,JakeWharton/DiskLruCache,5774,https://github.com/JakeWharton/DiskLruCache
circular-progress-button,dmytrodanylyk/circular-progress-button,5772,https://github.com/dmytrodanylyk/circular-progress-button
AmazeFileManager,TeamAmaze/AmazeFileManager,5766,https://github.com/TeamAmaze/AmazeFileManager
Discovery,Nepxion/Discovery,5743,https://github.com/Nepxion/Discovery
jeepay,jeequan/jeepay,5736,https://github.com/jeequan/jeepay
FastHub,k0shk0sh/FastHub,5727,https://github.com/k0shk0sh/FastHub
InfiniteCycleViewPager,Devlight/InfiniteCycleViewPager,5725,https://github.com/Devlight/InfiniteCycleViewPager
aurora-imui,jpush/aurora-imui,5716,https://github.com/jpush/aurora-imui
SwipeRecyclerView,yanzhenjie/SwipeRecyclerView,5705,https://github.com/yanzhenjie/SwipeRecyclerView
lamp-cloud,dromara/lamp-cloud,5688,https://github.com/dromara/lamp-cloud
springside4,springside/springside4,5684,https://github.com/springside/springside4
nifi,apache/nifi,5682,https://github.com/apache/nifi
MusicBot,jagrosh/MusicBot,5671,https://github.com/jagrosh/MusicBot
Blurry,wasabeef/Blurry,5662,https://github.com/wasabeef/Blurry
u2020,JakeWharton/u2020,5661,https://github.com/JakeWharton/u2020
react-native-splash-screen,crazycodeboy/react-native-splash-screen,5660,https://github.com/crazycodeboy/react-native-splash-screen
HTextView,hanks-zyh/HTextView,5649,https://github.com/hanks-zyh/HTextView
Suwayomi-Server,Suwayomi/Suwayomi-Server,5642,https://github.com/Suwayomi/Suwayomi-Server
lettuce,redis/lettuce,5640,https://github.com/redis/lettuce
spring-boot-projects,ZHENFENG13/spring-boot-projects,5637,https://github.com/ZHENFENG13/spring-boot-projects
AndroidImageSlider,daimajia/AndroidImageSlider,5617,https://github.com/daimajia/AndroidImageSlider
janusgraph,JanusGraph/janusgraph,5617,https://github.com/JanusGraph/janusgraph
linuxdeploy,meefik/linuxdeploy,5611,https://github.com/meefik/linuxdeploy
EdXposed,ElderDrivers/EdXposed,5603,https://github.com/ElderDrivers/EdXposed
Android-ZBLibrary,TommyLemon/Android-ZBLibrary,5596,https://github.com/TommyLemon/Android-ZBLibrary
FlowLayout,hongyangAndroid/FlowLayout,5595,https://github.com/hongyangAndroid/FlowLayout
ShowcaseView,amlcurran/ShowcaseView,5579,https://github.com/amlcurran/ShowcaseView
uid-generator,baidu/uid-generator,5561,https://github.com/baidu/uid-generator
disconf,knightliao/disconf,5552,https://github.com/knightliao/disconf
ListViewAnimations,nhaarman/ListViewAnimations,5544,https://github.com/nhaarman/ListViewAnimations
shattered-pixel-dungeon,00-Evan/shattered-pixel-dungeon,5504,https://github.com/00-Evan/shattered-pixel-dungeon
AndroidVideoCache,danikula/AndroidVideoCache,5497,https://github.com/danikula/AndroidVideoCache
StickyListHeaders,emilsjolander/StickyListHeaders,5493,https://github.com/emilsjolander/StickyListHeaders
MagicCamera,wuhaoyu1990/MagicCamera,5491,https://github.com/wuhaoyu1990/MagicCamera
jetcache,alibaba/jetcache,5476,https://github.com/alibaba/jetcache
mosby,sockeqwe/mosby,5476,https://github.com/sockeqwe/mosby
scribejava,scribejava/scribejava,5467,https://github.com/scribejava/scribejava
freeline,alibaba/freeline,5458,https://github.com/alibaba/freeline
TapTargetView,KeepSafe/TapTargetView,5456,https://github.com/KeepSafe/TapTargetView
novel,201206030/novel,5455,https://github.com/201206030/novel
barcodescanner,dm77/barcodescanner,5449,https://github.com/dm77/barcodescanner
FastBle,Jasonchenlijian/FastBle,5447,https://github.com/Jasonchenlijian/FastBle
wechat,motianhuo/wechat,5437,https://github.com/motianhuo/wechat
library,ddd-by-examples/library,5434,https://github.com/ddd-by-examples/library
rebound,facebookarchive/rebound,5415,https://github.com/facebookarchive/rebound
dubbo-spring-boot-project,apache/dubbo-spring-boot-project,5405,https://github.com/apache/dubbo-spring-boot-project
socket.io-client-java,socketio/socket.io-client-java,5405,https://github.com/socketio/socket.io-client-java
hbase,apache/hbase,5392,https://github.com/apache/hbase
sensitive-word,houbb/sensitive-word,5384,https://github.com/houbb/sensitive-word
typespec,microsoft/typespec,5383,https://github.com/microsoft/typespec
strimzi-kafka-operator,strimzi/strimzi-kafka-operator,5379,https://github.com/strimzi/strimzi-kafka-operator
usb-serial-for-android,mik3y/usb-serial-for-android,5377,https://github.com/mik3y/usb-serial-for-android
android-job,Evernote/android-job,5371,https://github.com/Evernote/android-job
shimmer-android,facebookarchive/shimmer-android,5364,https://github.com/facebookarchive/shimmer-android
groovy,apache/groovy,5364,https://github.com/apache/groovy
MifareClassicTool,ikarus23/MifareClassicTool,5357,https://github.com/ikarus23/MifareClassicTool
spring-data-examples,spring-projects/spring-data-examples,5356,https://github.com/spring-projects/spring-data-examples
SystemBarTint,jgilfelt/SystemBarTint,5354,https://github.com/jgilfelt/SystemBarTint
cw-omnibus,commonsguy/cw-omnibus,5349,https://github.com/commonsguy/cw-omnibus
android-advancedrecyclerview,h6ah4i/android-advancedrecyclerview,5335,https://github.com/h6ah4i/android-advancedrecyclerview
thumbnailator,coobird/thumbnailator,5328,https://github.com/coobird/thumbnailator
XRecyclerView,XRecyclerView/XRecyclerView,5319,https://github.com/XRecyclerView/XRecyclerView
OsmAnd,osmandapp/OsmAnd,5317,https://github.com/osmandapp/OsmAnd
generator,mybatis/generator,5311,https://github.com/mybatis/generator
google-authenticator,google/google-authenticator,5305,https://github.com/google/google-authenticator
web3j,LFDT-web3j/web3j,5304,https://github.com/LFDT-web3j/web3j
gradle-retrolambda,evant/gradle-retrolambda,5290,https://github.com/evant/gradle-retrolambda
android-lifecycle,xxv/android-lifecycle,5271,https://github.com/xxv/android-lifecycle
sodium,CaffeineMC/sodium,5271,https://github.com/CaffeineMC/sodium
VitamioBundle,yixia/VitamioBundle,5268,https://github.com/yixia/VitamioBundle
Android-Touch-Helper,zfdang/Android-Touch-Helper,5255,https://github.com/zfdang/Android-Touch-Helper
springboot-guide,CodingDocs/springboot-guide,5252,https://github.com/CodingDocs/springboot-guide
QLExpress,alibaba/QLExpress,5246,https://github.com/alibaba/QLExpress
okdownload,lingochamp/okdownload,5245,https://github.com/lingochamp/okdownload
QAuxiliary,cinit/QAuxiliary,5243,https://github.com/cinit/QAuxiliary
titan,thinkaurelius/titan,5241,https://github.com/thinkaurelius/titan
Side-Menu.Android,Yalantis/Side-Menu.Android,5240,https://github.com/Yalantis/Side-Menu.Android
BasePopup,razerdp/BasePopup,5233,https://github.com/razerdp/BasePopup
TelegramBots,rubenlagus/TelegramBots,5230,https://github.com/rubenlagus/TelegramBots
DKVideoPlayer,Doikki/DKVideoPlayer,5230,https://github.com/Doikki/DKVideoPlayer
liquibase,liquibase/liquibase,5230,https://github.com/liquibase/liquibase
twoway-view,lucasr/twoway-view,5223,https://github.com/lucasr/twoway-view
Geyser,GeyserMC/Geyser,5220,https://github.com/GeyserMC/Geyser
smartTable,huangyanbin/smartTable,5219,https://github.com/huangyanbin/smartTable
Dexter,Karumi/Dexter,5215,https://github.com/Karumi/Dexter
pmd,pmd/pmd,5211,https://github.com/pmd/pmd
FloatingActionButton,Clans/FloatingActionButton,5206,https://github.com/Clans/FloatingActionButton
db-tutorial,dunwu/db-tutorial,5206,https://github.com/dunwu/db-tutorial
dddsample-core,citerus/dddsample-core,5201,https://github.com/citerus/dddsample-core
picocli,remkop/picocli,5198,https://github.com/remkop/picocli
megabasterd,tonikelope/megabasterd,5194,https://github.com/tonikelope/megabasterd
JS-Sorting-Algorithm,hustcc/JS-Sorting-Algorithm,5186,https://github.com/hustcc/JS-Sorting-Algorithm
views-widgets-samples,android/views-widgets-samples,5160,https://github.com/android/views-widgets-samples
easy-rules,j-easy/easy-rules,5153,https://github.com/j-easy/easy-rules
ctci,careercup/ctci,5147,https://github.com/careercup/ctci
otto,square/otto,5145,https://github.com/square/otto
midjourney-proxy,novicezk/midjourney-proxy,5144,https://github.com/novicezk/midjourney-proxy
JustTrustMe,Fuzion24/JustTrustMe,5143,https://github.com/Fuzion24/JustTrustMe
reactor-core,reactor/reactor-core,5138,https://github.com/reactor/reactor-core
bitcoinj,bitcoinj/bitcoinj,5138,https://github.com/bitcoinj/bitcoinj
YCSB,brianfrankcooper/YCSB,5137,https://github.com/brianfrankcooper/YCSB
lwjgl3,LWJGL/lwjgl3,5127,https://github.com/LWJGL/lwjgl3
fesod,fast-excel/fesod,5115,https://github.com/fast-excel/fesod
runelite,runelite/runelite,5115,https://github.com/runelite/runelite
Digital,hneemann/Digital,5113,https://github.com/hneemann/Digital
Android-IMSI-Catcher-Detector,CellularPrivacy/Android-IMSI-Catcher-Detector,5100,https://github.com/CellularPrivacy/Android-IMSI-Catcher-Detector
shopping-management-system,zhanglei-workspace/shopping-management-system,5098,https://github.com/zhanglei-workspace/shopping-management-system
jpexs-decompiler,jindrapetrik/jpexs-decompiler,5089,https://github.com/jindrapetrik/jpexs-decompiler
spotless,diffplug/spotless,5086,https://github.com/diffplug/spotless
CameraView,natario1/CameraView,5083,https://github.com/natario1/CameraView
Luyten,deathmarine/Luyten,5083,https://github.com/deathmarine/Luyten
oshi,oshi/oshi,5078,https://github.com/oshi/oshi
opentsdb,OpenTSDB/opentsdb,5063,https://github.com/OpenTSDB/opentsdb
sofa-boot,sofastack/sofa-boot,5062,https://github.com/sofastack/sofa-boot
spring-authorization-server,spring-projects/spring-authorization-server,5053,https://github.com/spring-projects/spring-authorization-server
Small,wequick/Small,5049,https://github.com/wequick/Small
dynamic-datasource,baomidou/dynamic-datasource,5047,https://github.com/baomidou/dynamic-datasource
XUI,xuexiangjys/XUI,5042,https://github.com/xuexiangjys/XUI
xpay,Exrick/xpay,5039,https://github.com/Exrick/xpay
killbill,killbill/killbill,5030,https://github.com/killbill/killbill
DesignPattern,youlookwhat/DesignPattern,5021,https://github.com/youlookwhat/DesignPattern
mapdb,jankotek/mapdb,5016,https://github.com/jankotek/mapdb
android-common,Trinea/android-common,5014,https://github.com/Trinea/android-common
android-zxingLibrary,yipianfengye/android-zxingLibrary,5013,https://github.com/yipianfengye/android-zxingLibrary
wgcloud,tianshiyeben/wgcloud,5012,https://github.com/tianshiyeben/wgcloud
GravitySnapHelper,rubensousa/GravitySnapHelper,5002,https://github.com/rubensousa/GravitySnapHelper
gpmall,2227324689/gpmall,5000,https://github.com/2227324689/gpmall
armeria,line/armeria,4998,https://github.com/line/armeria
CloudReader,youlookwhat/CloudReader,4993,https://github.com/youlookwhat/CloudReader
LayoutManagerGroup,DingMouRen/LayoutManagerGroup,4992,https://github.com/DingMouRen/LayoutManagerGroup
dialogplus,orhanobut/dialogplus,4987,https://github.com/orhanobut/dialogplus
spring-mvc-showcase,spring-attic/spring-mvc-showcase,4986,https://github.com/spring-attic/spring-mvc-showcase
ignite,apache/ignite,4985,https://github.com/apache/ignite
aviatorscript,killme2008/aviatorscript,4984,https://github.com/killme2008/aviatorscript
UltraViewPager,alibaba/UltraViewPager,4978,https://github.com/alibaba/UltraViewPager
joda-time,JodaOrg/joda-time,4977,https://github.com/JodaOrg/joda-time
InstaMaterial,frogermcs/InstaMaterial,4968,https://github.com/frogermcs/InstaMaterial
bisq,bisq-network/bisq,4955,https://github.com/bisq-network/bisq
NavigationTabBar,Devlight/NavigationTabBar,4946,https://github.com/Devlight/NavigationTabBar
react-native-linear-gradient,react-native-linear-gradient/react-native-linear-gradient,4943,https://github.com/react-native-linear-gradient/react-native-linear-gradient
RxJava2-Android-Samples,amitshekhariitbhu/RxJava2-Android-Samples,4940,https://github.com/amitshekhariitbhu/RxJava2-Android-Samples
calcite,apache/calcite,4938,https://github.com/apache/calcite
spring-cloud-netflix,spring-cloud/spring-cloud-netflix,4933,https://github.com/spring-cloud/spring-cloud-netflix
PeerBanHelper,PBH-BTN/PeerBanHelper,4931,https://github.com/PBH-BTN/PeerBanHelper
react-native-config,lugg/react-native-config,4922,https://github.com/lugg/react-native-config
roncoo-pay,roncoo/roncoo-pay,4922,https://github.com/roncoo/roncoo-pay
Infinity-For-Reddit,Docile-Alligator/Infinity-For-Reddit,4922,https://github.com/Docile-Alligator/Infinity-For-Reddit
RippleEffect,traex/RippleEffect,4914,https://github.com/traex/RippleEffect
querydsl,querydsl/querydsl,4909,https://github.com/querydsl/querydsl
spring-boot-best-practice,javastacks/spring-boot-best-practice,4909,https://github.com/javastacks/spring-boot-best-practice
folding-cell-android,Ramotion/folding-cell-android,4901,https://github.com/Ramotion/folding-cell-android
java-faker,DiUS/java-faker,4898,https://github.com/DiUS/java-faker
cglib,cglib/cglib,4877,https://github.com/cglib/cglib
orientdb,orientechnologies/orientdb,4873,https://github.com/orientechnologies/orientdb
rstudio,rstudio/rstudio,4868,https://github.com/rstudio/rstudio
react-native-webrtc,react-native-webrtc/react-native-webrtc,4862,https://github.com/react-native-webrtc/react-native-webrtc
allure2,allure-framework/allure2,4862,https://github.com/allure-framework/allure2
poi-tl,Sayi/poi-tl,4860,https://github.com/Sayi/poi-tl
reactive-streams-jvm,reactive-streams/reactive-streams-jvm,4860,https://github.com/reactive-streams/reactive-streams-jvm
android,nextcloud/android,4854,https://github.com/nextcloud/android
small-spring,fuzhengwei/small-spring,4853,https://github.com/fuzhengwei/small-spring
packer-ng-plugin,mcxiaoke/packer-ng-plugin,4826,https://github.com/mcxiaoke/packer-ng-plugin
Transitions-Everywhere,andkulikov/Transitions-Everywhere,4805,https://github.com/andkulikov/Transitions-Everywhere
lucida,claritylab/lucida,4800,https://github.com/claritylab/lucida
mockserver,mock-server/mockserver,4794,https://github.com/mock-server/mockserver
openai-java,TheoKanning/openai-java,4788,https://github.com/TheoKanning/openai-java
Android-ConvenientBanner,saiwu-bigkoo/Android-ConvenientBanner,4771,https://github.com/saiwu-bigkoo/Android-ConvenientBanner
reflections,ronmamo/reflections,4768,https://github.com/ronmamo/reflections
maven,apache/maven,4766,https://github.com/apache/maven
mybatis,tuguangquan/mybatis,4765,https://github.com/tuguangquan/mybatis
AndroidStaggeredGrid,etsy/AndroidStaggeredGrid,4751,https://github.com/etsy/AndroidStaggeredGrid
SwitchButton,kyleduo/SwitchButton,4747,https://github.com/kyleduo/SwitchButton
android-tips-tricks,nisrulz/android-tips-tricks,4745,https://github.com/nisrulz/android-tips-tricks
spring-cloud-gateway,spring-cloud/spring-cloud-gateway,4741,https://github.com/spring-cloud/spring-cloud-gateway
FirebaseUI-Android,firebase/FirebaseUI-Android,4735,https://github.com/firebase/FirebaseUI-Android
baseAdapter,hongyangAndroid/baseAdapter,4720,https://github.com/hongyangAndroid/baseAdapter
cameraview,google/cameraview,4719,https://github.com/google/cameraview
blog_demos,zq2599/blog_demos,4715,https://github.com/zq2599/blog_demos
Spring-Boot-In-Action,hansonwang99/Spring-Boot-In-Action,4715,https://github.com/hansonwang99/Spring-Boot-In-Action
micrometer,micrometer-metrics/micrometer,4710,https://github.com/micrometer-metrics/micrometer
spring-security-oauth,spring-attic/spring-security-oauth,4703,https://github.com/spring-attic/spring-security-oauth
microservices-platform,zlt2000/microservices-platform,4703,https://github.com/zlt2000/microservices-platform
chuck,jgilfelt/chuck,4700,https://github.com/jgilfelt/chuck
markor,gsantner/markor,4678,https://github.com/gsantner/markor
ActiveAndroid,pardom-zz/ActiveAndroid,4677,https://github.com/pardom-zz/ActiveAndroid
ForestBlog,saysky/ForestBlog,4671,https://github.com/saysky/ForestBlog
esProc,SPLWare/esProc,4669,https://github.com/SPLWare/esProc
libsvm,cjlin1/libsvm,4660,https://github.com/cjlin1/libsvm
JSON-java,stleary/JSON-java,4660,https://github.com/stleary/JSON-java
MaterialDateTimePicker,wdullaer/MaterialDateTimePicker,4656,https://github.com/wdullaer/MaterialDateTimePicker
Telegram-X,TGX-Android/Telegram-X,4651,https://github.com/TGX-Android/Telegram-X
SpringBoot-Shiro-Vue,Heeexy/SpringBoot-Shiro-Vue,4646,https://github.com/Heeexy/SpringBoot-Shiro-Vue
djl,deepjavalibrary/djl,4645,https://github.com/deepjavalibrary/djl
cardslib,gabrielemariotti/cardslib,4644,https://github.com/gabrielemariotti/cardslib
javacpp,bytedeco/javacpp,4642,https://github.com/bytedeco/javacpp
PageIndicatorView,romandanylyk/PageIndicatorView,4639,https://github.com/romandanylyk/PageIndicatorView
opengrok,oracle/opengrok,4637,https://github.com/oracle/opengrok
AutoJs6,SuperMonster003/AutoJs6,4620,https://github.com/SuperMonster003/AutoJs6
oblivion,bepass-org/oblivion,4619,https://github.com/bepass-org/oblivion
--,981011512/--,4618,https://github.com/981011512/--
ribbon,Netflix/ribbon,4618,https://github.com/Netflix/ribbon
rocketmq-externals,apache/rocketmq-externals,4609,https://github.com/apache/rocketmq-externals
crawler4j,yasserg/crawler4j,4604,https://github.com/yasserg/crawler4j
JAViewer,SplashCodes/JAViewer,4604,https://github.com/SplashCodes/JAViewer
revanced-patches,ReVanced/revanced-patches,4599,https://github.com/ReVanced/revanced-patches
ipscan,angryip/ipscan,4592,https://github.com/angryip/ipscan
concurrent,RedSpider1/concurrent,4589,https://github.com/RedSpider1/concurrent
GCViewer,chewiebug/GCViewer,4588,https://github.com/chewiebug/GCViewer
simplify,CalebFenton/simplify,4584,https://github.com/CalebFenton/simplify
dynamic-tp,dromara/dynamic-tp,4579,https://github.com/dromara/dynamic-tp
quasar,puniverse/quasar,4578,https://github.com/puniverse/quasar
WePush,rememberber/WePush,4578,https://github.com/rememberber/WePush
SimplifyReader,chentao0707/SimplifyReader,4566,https://github.com/chentao0707/SimplifyReader
JGrowing,javagrowing/JGrowing,4564,https://github.com/javagrowing/JGrowing
GDA-android-reversing-Tool,charles2gan/GDA-android-reversing-Tool,4560,https://github.com/charles2gan/GDA-android-reversing-Tool
Douya,zhanghai/Douya,4558,https://github.com/zhanghai/Douya
objectbox-java,objectbox/objectbox-java,4557,https://github.com/objectbox/objectbox-java
JDA,discord-jda/JDA,4556,https://github.com/discord-jda/JDA
go-lang-idea-plugin,go-lang-plugin-org/go-lang-idea-plugin,4549,https://github.com/go-lang-plugin-org/go-lang-idea-plugin
sqlbrite,square/sqlbrite,4546,https://github.com/square/sqlbrite
Depth-LIB-Android-,danielzeller/Depth-LIB-Android-,4543,https://github.com/danielzeller/Depth-LIB-Android-
booklore,booklore-app/booklore,4539,https://github.com/booklore-app/booklore
android-crop,jdamcd/android-crop,4536,https://github.com/jdamcd/android-crop
AndroidHttpCapture,JZ-Darkal/AndroidHttpCapture,4534,https://github.com/JZ-Darkal/AndroidHttpCapture
unidbg,zhkl0228/unidbg,4531,https://github.com/zhkl0228/unidbg
dexposed,alibaba/dexposed,4531,https://github.com/alibaba/dexposed
AndroidTutorialForBeginners,hussien89aa/AndroidTutorialForBeginners,4530,https://github.com/hussien89aa/AndroidTutorialForBeginners
SmoothProgressBar,castorflex/SmoothProgressBar,4520,https://github.com/castorflex/SmoothProgressBar
Ant-Media-Server,ant-media/Ant-Media-Server,4518,https://github.com/ant-media/Ant-Media-Server
bottomsheet,Flipboard/bottomsheet,4517,https://github.com/Flipboard/bottomsheet
epic,tiann/epic,4517,https://github.com/tiann/epic
azkaban,azkaban/azkaban,4515,https://github.com/azkaban/azkaban
java-algorithms-implementation,phishman3579/java-algorithms-implementation,4511,https://github.com/phishman3579/java-algorithms-implementation
bilibili-android-client,HotBitmapGG/bilibili-android-client,4493,https://github.com/HotBitmapGG/bilibili-android-client
MallChat,zongzibinbin/MallChat,4492,https://github.com/zongzibinbin/MallChat
NineOldAndroids,JakeWharton/NineOldAndroids,4477,https://github.com/JakeWharton/NineOldAndroids
Robust,Meituan-Dianping/Robust,4458,https://github.com/Meituan-Dianping/Robust
h2database,h2database/h2database,4450,https://github.com/h2database/h2database
aurora,linhaojun857/aurora,4449,https://github.com/linhaojun857/aurora
android-mvp-architecture,janishar/android-mvp-architecture,4444,https://github.com/janishar/android-mvp-architecture
android-times-square,square/android-times-square,4437,https://github.com/square/android-times-square
moco,dreamhead/moco,4427,https://github.com/dreamhead/moco
flink-recommandSystem-demo,water8394/flink-recommandSystem-demo,4423,https://github.com/water8394/flink-recommandSystem-demo
GT,Tencent/GT,4413,https://github.com/Tencent/GT
jacoco,jacoco/jacoco,4411,https://github.com/jacoco/jacoco
DeepLinkDispatch,airbnb/DeepLinkDispatch,4407,https://github.com/airbnb/DeepLinkDispatch
IoT-Technical-Guide,IoT-Technology/IoT-Technical-Guide,4405,https://github.com/IoT-Technology/IoT-Technical-Guide
Gadgetbridge,Freeyourgadget/Gadgetbridge,4404,https://github.com/Freeyourgadget/Gadgetbridge
shiro,apache/shiro,4402,https://github.com/apache/shiro
ticker,robinhood/ticker,4389,https://github.com/robinhood/ticker
flutter-webrtc,flutter-webrtc/flutter-webrtc,4378,https://github.com/flutter-webrtc/flutter-webrtc
BottomNavigation,Ashok-Varma/BottomNavigation,4364,https://github.com/Ashok-Varma/BottomNavigation
leet-code,awangdev/leet-code,4360,https://github.com/awangdev/leet-code
serve,pytorch/serve,4349,https://github.com/pytorch/serve
frontend-maven-plugin,eirslett/frontend-maven-plugin,4323,https://github.com/eirslett/frontend-maven-plugin
grobid,kermitt2/grobid,4320,https://github.com/kermitt2/grobid
LSPosed_mod,mywalkb/LSPosed_mod,4315,https://github.com/mywalkb/LSPosed_mod
ImagePicker,jeasonlzy/ImagePicker,4314,https://github.com/jeasonlzy/ImagePicker
BGARefreshLayout-Android,bingoogolapple/BGARefreshLayout-Android,4308,https://github.com/bingoogolapple/BGARefreshLayout-Android
crate,crate/crate,4297,https://github.com/crate/crate
dragonwell8,dragonwell-project/dragonwell8,4287,https://github.com/dragonwell-project/dragonwell8
guide-rpc-framework,Snailclimb/guide-rpc-framework,4286,https://github.com/Snailclimb/guide-rpc-framework
OpenHub,ThirtyDegreesRay/OpenHub,4281,https://github.com/ThirtyDegreesRay/OpenHub
android-volley,mcxiaoke/android-volley,4278,https://github.com/mcxiaoke/android-volley
InternetArchitect,bjmashibing/InternetArchitect,4274,https://github.com/bjmashibing/InternetArchitect
failsafe,failsafe-lib/failsafe,4273,https://github.com/failsafe-lib/failsafe
java-learning,brianway/java-learning,4272,https://github.com/brianway/java-learning
CircleIndicator,ongakuer/CircleIndicator,4270,https://github.com/ongakuer/CircleIndicator
coursera-android,aporter/coursera-android,4263,https://github.com/aporter/coursera-android
android-autofittextview,grantland/android-autofittextview,4260,https://github.com/grantland/android-autofittextview
jitsi,jitsi/jitsi,4260,https://github.com/jitsi/jitsi
novel-plus,201206030/novel-plus,4258,https://github.com/201206030/novel-plus
open-location-code,google/open-location-code,4250,https://github.com/google/open-location-code
camunda-bpm-platform,camunda/camunda-bpm-platform,4242,https://github.com/camunda/camunda-bpm-platform
zotfile,jlegewie/zotfile,4240,https://github.com/jlegewie/zotfile
java-developer-roadmap,s4kibs4mi/java-developer-roadmap,4230,https://github.com/s4kibs4mi/java-developer-roadmap
spring-boot-starter,mybatis/spring-boot-starter,4217,https://github.com/mybatis/spring-boot-starter
javassist,jboss-javassist/javassist,4216,https://github.com/jboss-javassist/javassist
ShineButton,ChadCSong/ShineButton,4215,https://github.com/ChadCSong/ShineButton
dolby_beta,nining377/dolby_beta,4209,https://github.com/nining377/dolby_beta
malmo,microsoft/malmo,4201,https://github.com/microsoft/malmo
streampark,apache/streampark,4199,https://github.com/apache/streampark
FloatWindow,yhaolpz/FloatWindow,4197,https://github.com/yhaolpz/FloatWindow
CoordinatorTabLayout,hugeterry/CoordinatorTabLayout,4197,https://github.com/hugeterry/CoordinatorTabLayout
tx-lcn,codingapi/tx-lcn,4196,https://github.com/codingapi/tx-lcn
supersonic,tencentmusic/supersonic,4193,https://github.com/tencentmusic/supersonic
powermock,powermock/powermock,4191,https://github.com/powermock/powermock
JKeyboardPanelSwitch,Jacksgong/JKeyboardPanelSwitch,4190,https://github.com/Jacksgong/JKeyboardPanelSwitch
maxwell,zendesk/maxwell,4186,https://github.com/zendesk/maxwell
aws-sdk-java,aws/aws-sdk-java,4178,https://github.com/aws/aws-sdk-java
BGABanner-Android,bingoogolapple/BGABanner-Android,4178,https://github.com/bingoogolapple/BGABanner-Android
campus-imaotai,oddfar/campus-imaotai,4158,https://github.com/oddfar/campus-imaotai
fastjson2,alibaba/fastjson2,4154,https://github.com/alibaba/fastjson2
AndroidWiFiADB,pedrovgs/AndroidWiFiADB,4148,https://github.com/pedrovgs/AndroidWiFiADB
hmily,dromara/hmily,4143,https://github.com/dromara/hmily
geoserver,geoserver/geoserver,4139,https://github.com/geoserver/geoserver
AndroRAT,karma9874/AndroRAT,4130,https://github.com/karma9874/AndroRAT
LoadingDrawable,dinuscxj/LoadingDrawable,4116,https://github.com/dinuscxj/LoadingDrawable
so-novel,freeok/so-novel,4112,https://github.com/freeok/so-novel
Tangram-Android,alibaba/Tangram-Android,4107,https://github.com/alibaba/Tangram-Android
SmartCropper,pqpo/SmartCropper,4093,https://github.com/pqpo/SmartCropper
chunjun,DTStack/chunjun,4085,https://github.com/DTStack/chunjun
ExpandableTextView,Manabu-GT/ExpandableTextView,4084,https://github.com/Manabu-GT/ExpandableTextView
bistoury,qunarcorp/bistoury,4083,https://github.com/qunarcorp/bistoury
tiny-spring,code4craft/tiny-spring,4081,https://github.com/code4craft/tiny-spring
ViewPagerCards,rubensousa/ViewPagerCards,4073,https://github.com/rubensousa/ViewPagerCards
jodd,oblac/jodd,4072,https://github.com/oblac/jodd
CC,luckybilly/CC,4045,https://github.com/luckybilly/CC
greys-anatomy,oldmanpushcart/greys-anatomy,4026,https://github.com/oldmanpushcart/greys-anatomy
jmonkeyengine,jMonkeyEngine/jmonkeyengine,4021,https://github.com/jMonkeyEngine/jmonkeyengine
jabref,JabRef/jabref,4020,https://github.com/JabRef/jabref
XCL-Charts,xcltapestry/XCL-Charts,4020,https://github.com/xcltapestry/XCL-Charts
Bolts-Android,BoltsFramework/Bolts-Android,4011,https://github.com/BoltsFramework/Bolts-Android
OpenPDF,LibrePDF/OpenPDF,4010,https://github.com/LibrePDF/OpenPDF
TwinklingRefreshLayout,lcodecorex/TwinklingRefreshLayout,4002,https://github.com/lcodecorex/TwinklingRefreshLayout
XChange,knowm/XChange,4000,https://github.com/knowm/XChange
jetty.project,jetty/jetty.project,4000,https://github.com/jetty/jetty.project
Phoenix,Yalantis/Phoenix,3999,https://github.com/Yalantis/Phoenix
effective-java-3e-source-code,jbloch/effective-java-3e-source-code,3998,https://github.com/jbloch/effective-java-3e-source-code
bitcoin-wallet,bitcoin-wallet/bitcoin-wallet,3994,https://github.com/bitcoin-wallet/bitcoin-wallet
FloatingActionButton,makovkastar/FloatingActionButton,3992,https://github.com/makovkastar/FloatingActionButton
BigImageViewer,Piasy/BigImageViewer,3987,https://github.com/Piasy/BigImageViewer
pdfsam,torakiki/pdfsam,3982,https://github.com/torakiki/pdfsam
hawk,orhanobut/hawk,3980,https://github.com/orhanobut/hawk
tech-weekly,mercyblitz/tech-weekly,3979,https://github.com/mercyblitz/tech-weekly
BadgeView,qstumn/BadgeView,3978,https://github.com/qstumn/BadgeView
lilishop,lilishop/lilishop,3973,https://github.com/lilishop/lilishop
ShedLock,lukas-krecan/ShedLock,3970,https://github.com/lukas-krecan/ShedLock
LiveEventBus,JeremyLiao/LiveEventBus,3968,https://github.com/JeremyLiao/LiveEventBus
syncthing-android,syncthing/syncthing-android,3966,https://github.com/syncthing/syncthing-android
RichText,zzhoujay/RichText,3961,https://github.com/zzhoujay/RichText
awaitility,awaitility/awaitility,3960,https://github.com/awaitility/awaitility
ripme,RipMeApp/ripme,3959,https://github.com/RipMeApp/ripme
XposedInstaller,rovo89/XposedInstaller,3958,https://github.com/rovo89/XposedInstaller
interviewGuide,NotFound9/interviewGuide,3958,https://github.com/NotFound9/interviewGuide
Leetcode,fishercoder1534/Leetcode,3956,https://github.com/fishercoder1534/Leetcode
GuideView,binIoter/GuideView,3953,https://github.com/binIoter/GuideView
mlkit,googlesamples/mlkit,3952,https://github.com/googlesamples/mlkit
mcaselector,Querz/mcaselector,3952,https://github.com/Querz/mcaselector
java-tron,tronprotocol/java-tron,3950,https://github.com/tronprotocol/java-tron
android-iconify,JoanZapata/android-iconify,3943,https://github.com/JoanZapata/android-iconify
DataMiningAlgorithm,linyiqun/DataMiningAlgorithm,3931,https://github.com/linyiqun/DataMiningAlgorithm
RxJavaSamples,rengwuxian/RxJavaSamples,3927,https://github.com/rengwuxian/RxJavaSamples
screw,pingfangushi/screw,3921,https://github.com/pingfangushi/screw
cyberduck,iterate-ch/cyberduck,3921,https://github.com/iterate-ch/cyberduck
FlatLaf,JFormDesigner/FlatLaf,3920,https://github.com/JFormDesigner/FlatLaf
TinyPinyin,promeG/TinyPinyin,3916,https://github.com/promeG/TinyPinyin
Conductor,bluelinelabs/Conductor,3908,https://github.com/bluelinelabs/Conductor
HyperCeiler,ReChronoRain/HyperCeiler,3908,https://github.com/ReChronoRain/HyperCeiler
leetcode-editor,shuzijun/leetcode-editor,3901,https://github.com/shuzijun/leetcode-editor
learning-spark,databricks/learning-spark,3896,https://github.com/databricks/learning-spark
sofa-rpc,sofastack/sofa-rpc,3896,https://github.com/sofastack/sofa-rpc
BackgroundLibrary,JavaNoober/BackgroundLibrary,3893,https://github.com/JavaNoober/BackgroundLibrary
jstorm,alibaba/jstorm,3891,https://github.com/alibaba/jstorm
xboot,Exrick/xboot,3888,https://github.com/Exrick/xboot
IDDD_Samples,VaughnVernon/IDDD_Samples,3886,https://github.com/VaughnVernon/IDDD_Samples
Launcher3,amirzaidi/Launcher3,3885,https://github.com/amirzaidi/Launcher3
Timeline-View,vipulasri/Timeline-View,3884,https://github.com/vipulasri/Timeline-View
FairEmail,M66B/FairEmail,3881,https://github.com/M66B/FairEmail
ruoyi-ai,ageerle/ruoyi-ai,3866,https://github.com/ageerle/ruoyi-ai
DSBridge-Android,wendux/DSBridge-Android,3856,https://github.com/wendux/DSBridge-Android
NullAway,uber/NullAway,3852,https://github.com/uber/NullAway
java,kubernetes-client/java,3837,https://github.com/kubernetes-client/java
bundletool,google/bundletool,3830,https://github.com/google/bundletool
ahbottomnavigation,aurelhubert/ahbottomnavigation,3829,https://github.com/aurelhubert/ahbottomnavigation
MaterialSearchView,MiguelCatalan/MaterialSearchView,3824,https://github.com/MiguelCatalan/MaterialSearchView
react-native-share,react-native-share/react-native-share,3822,https://github.com/react-native-share/react-native-share
HeliBoard,Helium314/HeliBoard,3820,https://github.com/Helium314/HeliBoard
jshERP,jishenghua/jshERP,3820,https://github.com/jishenghua/jshERP
AndServer,yanzhenjie/AndServer,3819,https://github.com/yanzhenjie/AndServer
My-Blog,ZHENFENG13/My-Blog,3816,https://github.com/ZHENFENG13/My-Blog
CircleProgress,uknownothingsnow/CircleProgress,3815,https://github.com/uknownothingsnow/CircleProgress
camunda,camunda/camunda,3804,https://github.com/camunda/camunda
BlurView,Dimezis/BlurView,3803,https://github.com/Dimezis/BlurView
HaE,gh0stkey/HaE,3798,https://github.com/gh0stkey/HaE
shopizer,shopizer-ecommerce/shopizer,3795,https://github.com/shopizer-ecommerce/shopizer
MarqueeView,sunfusheng/MarqueeView,3792,https://github.com/sunfusheng/MarqueeView
fernflower,fesh0r/fernflower,3785,https://github.com/fesh0r/fernflower
mpush,mpusher/mpush,3778,https://github.com/mpusher/mpush
pixel-dungeon,watabou/pixel-dungeon,3778,https://github.com/watabou/pixel-dungeon
SwipeDelMenuLayout,mcxtzhang/SwipeDelMenuLayout,3774,https://github.com/mcxtzhang/SwipeDelMenuLayout
SuperTextView,lygttpod/SuperTextView,3772,https://github.com/lygttpod/SuperTextView
blurkit-android,CameraKit/blurkit-android,3767,https://github.com/CameraKit/blurkit-android
Terasology,MovingBlocks/Terasology,3759,https://github.com/MovingBlocks/Terasology
CustomActivityOnCrash,Ereza/CustomActivityOnCrash,3754,https://github.com/Ereza/CustomActivityOnCrash
roboguice,roboguice/roboguice,3752,https://github.com/roboguice/roboguice
sticky-headers-recyclerview,timehop/sticky-headers-recyclerview,3751,https://github.com/timehop/sticky-headers-recyclerview
BannerViewPager,zhpanvip/BannerViewPager,3750,https://github.com/zhpanvip/BannerViewPager
kylin,apache/kylin,3749,https://github.com/apache/kylin
signal-cli,AsamK/signal-cli,3749,https://github.com/AsamK/signal-cli
sofa-jraft,sofastack/sofa-jraft,3744,https://github.com/sofastack/sofa-jraft
andOTP,andOTP/andOTP,3742,https://github.com/andOTP/andOTP
RoaringBitmap,RoaringBitmap/RoaringBitmap,3741,https://github.com/RoaringBitmap/RoaringBitmap
spotbugs,spotbugs/spotbugs,3740,https://github.com/spotbugs/spotbugs
JCTools,JCTools/JCTools,3729,https://github.com/JCTools/JCTools
Skeleton,ethanhua/Skeleton,3725,https://github.com/ethanhua/Skeleton
atmosphere,Atmosphere/atmosphere,3719,https://github.com/Atmosphere/atmosphere
spruce-android,willowtreeapps/spruce-android,3718,https://github.com/willowtreeapps/spruce-android
ByteLegend,ByteLegend/ByteLegend,3716,https://github.com/ByteLegend/ByteLegend
ChatKit,stfalcon-studio/ChatKit,3715,https://github.com/stfalcon-studio/ChatKit
BilibiliDown,nICEnnnnnnnLee/BilibiliDown,3707,https://github.com/nICEnnnnnnnLee/BilibiliDown
StylishMusicPlayer,ryanhoo/StylishMusicPlayer,3706,https://github.com/ryanhoo/StylishMusicPlayer
Play-with-Algorithms,liuyubobobo/Play-with-Algorithms,3705,https://github.com/liuyubobobo/Play-with-Algorithms
SurveyKing,javahuang/SurveyKing,3704,https://github.com/javahuang/SurveyKing
NoHttp,yanzhenjie/NoHttp,3702,https://github.com/yanzhenjie/NoHttp
learning-note,rbmonster/learning-note,3701,https://github.com/rbmonster/learning-note
undertow,undertow-io/undertow,3697,https://github.com/undertow-io/undertow
tablesaw,jtablesaw/tablesaw,3691,https://github.com/jtablesaw/tablesaw
Create,Creators-of-Create/Create,3690,https://github.com/Creators-of-Create/Create
helidon,helidon-io/helidon,3680,https://github.com/helidon-io/helidon
ShadowLayout,lihangleo2/ShadowLayout,3678,https://github.com/lihangleo2/ShadowLayout
yacy_search_server,yacy/yacy_search_server,3676,https://github.com/yacy/yacy_search_server
ASimpleCache,yangfuhai/ASimpleCache,3675,https://github.com/yangfuhai/ASimpleCache
Android-BluetoothKit,dingjikerbo/Android-BluetoothKit,3674,https://github.com/dingjikerbo/Android-BluetoothKit
light-4j,networknt/light-4j,3672,https://github.com/networknt/light-4j
groupie,lisawray/groupie,3671,https://github.com/lisawray/groupie
grpc-spring,grpc-ecosystem/grpc-spring,3670,https://github.com/grpc-ecosystem/grpc-spring
rejoiner,google/rejoiner,3670,https://github.com/google/rejoiner
JavaSourceCodeLearning,coderbruis/JavaSourceCodeLearning,3668,https://github.com/coderbruis/JavaSourceCodeLearning
Linkage-RecyclerView,KunMinX/Linkage-RecyclerView,3667,https://github.com/KunMinX/Linkage-RecyclerView
databus,linkedin/databus,3667,https://github.com/linkedin/databus
akhq,tchiotludo/akhq,3655,https://github.com/tchiotludo/akhq
chatgpt-java,PlexPt/chatgpt-java,3644,https://github.com/PlexPt/chatgpt-java
android-common,litesuits/android-common,3642,https://github.com/litesuits/android-common
ftgo-application,microservices-patterns/ftgo-application,3629,https://github.com/microservices-patterns/ftgo-application
NewbieGuide,huburt-Hu/NewbieGuide,3622,https://github.com/huburt-Hu/NewbieGuide
incubator-heron,apache/incubator-heron,3621,https://github.com/apache/incubator-heron
jackson-databind,FasterXML/jackson-databind,3621,https://github.com/FasterXML/jackson-databind
uncle-novel,uncle-novel/uncle-novel,3616,https://github.com/uncle-novel/uncle-novel
emojicon,rockerhieu/emojicon,3613,https://github.com/rockerhieu/emojicon
blossom,blossom-editor/blossom,3612,https://github.com/blossom-editor/blossom
Alink,alibaba/Alink,3609,https://github.com/alibaba/Alink
spock,spockframework/spock,3608,https://github.com/spockframework/spock
brigadier,Mojang/brigadier,3601,https://github.com/Mojang/brigadier
initializr,spring-io/initializr,3599,https://github.com/spring-io/initializr
marshalsec,mbechler/marshalsec,3592,https://github.com/mbechler/marshalsec
ExplosionField,tyrantgit/ExplosionField,3591,https://github.com/tyrantgit/ExplosionField
data-transfer-project,dtinit/data-transfer-project,3591,https://github.com/dtinit/data-transfer-project
android-stackblur,kikoso/android-stackblur,3589,https://github.com/kikoso/android-stackblur
vertx-examples,vert-x3/vertx-examples,3583,https://github.com/vert-x3/vertx-examples
DropDownMenu,dongjunkun/DropDownMenu,3582,https://github.com/dongjunkun/DropDownMenu
AppUpdate,WVector/AppUpdate,3579,https://github.com/WVector/AppUpdate
Android,hmkcode/Android,3578,https://github.com/hmkcode/Android
android-maps-utils,googlemaps/android-maps-utils,3577,https://github.com/googlemaps/android-maps-utils
Chronicle-Queue,OpenHFT/Chronicle-Queue,3576,https://github.com/OpenHFT/Chronicle-Queue
Iris,IrisShaders/Iris,3574,https://github.com/IrisShaders/Iris
ThreeTenABP,JakeWharton/ThreeTenABP,3571,https://github.com/JakeWharton/ThreeTenABP
FlexibleAdapter,davideas/FlexibleAdapter,3571,https://github.com/davideas/FlexibleAdapter
kubernetes-client,fabric8io/kubernetes-client,3568,https://github.com/fabric8io/kubernetes-client
dinky,DataLinkDC/dinky,3567,https://github.com/DataLinkDC/dinky
netty-learning,code4craft/netty-learning,3558,https://github.com/code4craft/netty-learning
hackpad,dropbox/hackpad,3555,https://github.com/dropbox/hackpad
MagicaSakura,bilibili/MagicaSakura,3554,https://github.com/bilibili/MagicaSakura
springdoc-openapi,springdoc/springdoc-openapi,3544,https://github.com/springdoc/springdoc-openapi
parceler,johncarl81/parceler,3544,https://github.com/johncarl81/parceler
Java,HelloWorld521/Java,3541,https://github.com/HelloWorld521/Java
android-hidden-api,anggrayudi/android-hidden-api,3535,https://github.com/anggrayudi/android-hidden-api
libstreaming,fyhertz/libstreaming,3534,https://github.com/fyhertz/libstreaming
floatingsearchview,arimorty/floatingsearchview,3534,https://github.com/arimorty/floatingsearchview
MyPerf4J,LinShunKang/MyPerf4J,3534,https://github.com/LinShunKang/MyPerf4J
retrolambda,luontola/retrolambda,3531,https://github.com/luontola/retrolambda
spring-cloud-kubernetes,spring-cloud/spring-cloud-kubernetes,3522,https://github.com/spring-cloud/spring-cloud-kubernetes
logging-log4j2,apache/logging-log4j2,3522,https://github.com/apache/logging-log4j2
Music-Player,andremion/Music-Player,3521,https://github.com/andremion/Music-Player
maestro,Netflix/maestro,3520,https://github.com/Netflix/maestro
smart-admin,1024-lab/smart-admin,3517,https://github.com/1024-lab/smart-admin
RxAndroidBle,dariuszseweryn/RxAndroidBle,3517,https://github.com/dariuszseweryn/RxAndroidBle
immutables,immutables/immutables,3517,https://github.com/immutables/immutables
RecyclerViewPager,lsjwzh/RecyclerViewPager,3515,https://github.com/lsjwzh/RecyclerViewPager
Store,nytimes/Store,3512,https://github.com/nytimes/Store
SwipeMenuListView,baoyongzhang/SwipeMenuListView,3504,https://github.com/baoyongzhang/SwipeMenuListView
GeekNews,codeestX/GeekNews,3504,https://github.com/codeestX/GeekNews
android,cSploit/android,3503,https://github.com/cSploit/android
liteflow,dromara/liteflow,3501,https://github.com/dromara/liteflow
JavaEETest,lenve/JavaEETest,3498,https://github.com/lenve/JavaEETest
ArchUnit,TNG/ArchUnit,3494,https://github.com/TNG/ArchUnit
LoadSir,KingJA/LoadSir,3492,https://github.com/KingJA/LoadSir
AxonFramework,AxonFramework/AxonFramework,3490,https://github.com/AxonFramework/AxonFramework
BottomNavigationViewEx,ittianyu/BottomNavigationViewEx,3476,https://github.com/ittianyu/BottomNavigationViewEx
freeplane,freeplane/freeplane,3467,https://github.com/freeplane/freeplane
migration,phodal/migration,3464,https://github.com/phodal/migration
openj9,eclipse-openj9/openj9,3461,https://github.com/eclipse-openj9/openj9
Sui,RikkaApps/Sui,3461,https://github.com/RikkaApps/Sui
PreviewSeekBar,rubensousa/PreviewSeekBar,3460,https://github.com/rubensousa/PreviewSeekBar
concurrency-limits,Netflix/concurrency-limits,3460,https://github.com/Netflix/concurrency-limits
chatgpt-java,Grt1228/chatgpt-java,3457,https://github.com/Grt1228/chatgpt-java
QNotified,ferredoxin/QNotified,3456,https://github.com/ferredoxin/QNotified
fory,apache/fory,3453,https://github.com/apache/fory
Android-Week-View,alamkanak/Android-Week-View,3450,https://github.com/alamkanak/Android-Week-View
SSM,crossoverJie/SSM,3440,https://github.com/crossoverJie/SSM
sndcpy,rom1v/sndcpy,3436,https://github.com/rom1v/sndcpy
AlgoDS,sherxon/AlgoDS,3432,https://github.com/sherxon/AlgoDS
giffun,guolindev/giffun,3431,https://github.com/guolindev/giffun
SeeWeather,xcc3641/SeeWeather,3426,https://github.com/xcc3641/SeeWeather
my-site,WinterChenS/my-site,3426,https://github.com/WinterChenS/my-site
BubbleSeekBar,woxingxiao/BubbleSeekBar,3423,https://github.com/woxingxiao/BubbleSeekBar
LQRWeChat,GitLqr/LQRWeChat,3420,https://github.com/GitLqr/LQRWeChat
Toaster,getActivity/Toaster,3417,https://github.com/getActivity/Toaster
volley,google/volley,3416,https://github.com/google/volley
incubator-kie-optaplanner,apache/incubator-kie-optaplanner,3414,https://github.com/apache/incubator-kie-optaplanner
