repo_full_name,topic
Snailclimb/JavaGuide,algorithms
Snailclimb/JavaGuide,interview
Snailclimb/JavaGuide,java
Snailclimb/JavaGuide,jvm
Snailclimb/JavaGuide,mysql
Snailclimb/JavaGuide,redis
Snailclimb/JavaGuide,spring
Snailclimb/JavaGuide,system
Snailclimb/JavaGuide,system-design
Snailclimb/JavaGuide,zookeeper
krahets/hello-algo,algo
krahets/hello-algo,algorithm
krahets/hello-algo,algorithms
krahets/hello-algo,book
krahets/hello-algo,data-structure
krahets/hello-algo,data-structures
krahets/hello-algo,data-structures-and-algorithms
krahets/hello-algo,dsa
krahets/hello-algo,education
krahets/hello-algo,leetcode
krahets/hello-algo,programming
iluwatar/java-design-patterns,awesome-list
iluwatar/java-design-patterns,design-patterns
iluwatar/java-design-patterns,hacktoberfest
iluwatar/java-design-patterns,java
iluwatar/java-design-patterns,principles
iluwatar/java-design-patterns,snippets
iluwatar/java-design-patterns,snippets-collection
iluwatar/java-design-patterns,snippets-library
macrozheng/mall,docker
macrozheng/mall,elasticsearch
macrozheng/mall,elk
macrozheng/mall,java
macrozheng/mall,mongodb
macrozheng/mall,mybatis
macrozheng/mall,mysql
macrozheng/mall,rabbitmq
macrozheng/mall,redis
macrozheng/mall,spring
macrozheng/mall,spring-boot
macrozheng/mall,spring-cloud
macrozheng/mall,spring-security
macrozheng/mall,springboot
macrozheng/mall,springcloud
macrozheng/mall,swagger-ui
